2,21 Aug 2020,17:52:04,1598003524.65,http://127.0.0.1:9089/media/fuzzysearch,200,OK,407,9.413610,9.413453,default_timer
175,21 Aug 2020,17:52:06,1598003526.03,http://127.0.0.1:9089/media/fuzzysearch,200,OK,407,10.475310,10.475231,default_timer
18,21 Aug 2020,17:52:06,1598003526.11,http://127.0.0.1:9089/media/fuzzysearch,200,OK,407,10.845396,10.845271,default_timer
275,21 Aug 2020,17:52:06,1598003526.74,http://127.0.0.1:9089/media/fuzzysearch,200,OK,407,10.997707,10.997623,default_timer
110,21 Aug 2020,17:52:06,1598003526.76,http://127.0.0.1:9089/media/fuzzysearch,200,OK,407,11.318927,11.318831,default_timer
86,21 Aug 2020,17:52:06,1598003526.93,http://127.0.0.1:9089/media/fuzzysearch,200,OK,407,11.529918,11.529753,default_timer
52,21 Aug 2020,17:52:06,1598003526.98,http://127.0.0.1:9089/media/fuzzysearch,200,OK,407,11.648321,11.648174,default_timer
7,21 Aug 2020,17:52:07,1598003527.13,http://127.0.0.1:9089/media/fuzzysearch,200,OK,407,11.889198,11.889102,default_timer
17,21 Aug 2020,17:52:07,1598003527.42,http://127.0.0.1:9089/media/fuzzysearch,200,OK,407,12.154792,12.154649,default_timer
32,21 Aug 2020,17:52:07,1598003527.43,http://127.0.0.1:9089/media/fuzzysearch,200,OK,407,12.127872,12.127752,default_timer
107,21 Aug 2020,17:52:07,1598003527.48,http://127.0.0.1:9089/media/fuzzysearch,200,OK,407,12.044032,12.043946,default_timer
21,21 Aug 2020,17:52:07,1598003527.91,http://127.0.0.1:9089/media/fuzzysearch,200,OK,407,12.639642,12.639534,default_timer
224,21 Aug 2020,17:52:08,1598003528.07,http://127.0.0.1:9089/media/fuzzysearch,200,OK,407,12.410290,12.410221,default_timer
66,21 Aug 2020,17:52:08,1598003528.08,http://127.0.0.1:9089/media/fuzzysearch,200,OK,407,12.729049,12.728919,default_timer
9,21 Aug 2020,17:52:08,1598003528.21,http://127.0.0.1:9089/media/fuzzysearch,200,OK,407,12.961459,12.961318,default_timer
25,21 Aug 2020,17:52:08,1598003528.5,http://127.0.0.1:9089/media/fuzzysearch,200,OK,407,13.212529,13.212436,default_timer
320,21 Aug 2020,17:52:08,1598003528.65,http://127.0.0.1:9089/media/fuzzysearch,200,OK,407,12.821284,12.821201,default_timer
118,21 Aug 2020,17:52:08,1598003528.71,http://127.0.0.1:9089/media/fuzzysearch,200,OK,407,13.255717,13.255657,default_timer
98,21 Aug 2020,17:52:08,1598003528.72,http://127.0.0.1:9089/media/fuzzysearch,200,OK,407,13.306080,13.305983,default_timer
73,21 Aug 2020,17:52:08,1598003528.77,http://127.0.0.1:9089/media/fuzzysearch,200,OK,407,13.397330,13.397239,default_timer
26,21 Aug 2020,17:52:08,1598003528.8,http://127.0.0.1:9089/media/fuzzysearch,200,OK,407,13.515173,13.515000,default_timer
77,21 Aug 2020,17:52:09,1598003529.07,http://127.0.0.1:9089/media/fuzzysearch,200,OK,407,13.691909,13.691829,default_timer
57,21 Aug 2020,17:52:09,1598003529.08,http://127.0.0.1:9089/media/fuzzysearch,200,OK,407,13.742331,13.742247,default_timer
97,21 Aug 2020,17:52:09,1598003529.08,http://127.0.0.1:9089/media/fuzzysearch,200,OK,407,13.670640,13.670572,default_timer
16,21 Aug 2020,17:52:09,1598003529.09,http://127.0.0.1:9089/media/fuzzysearch,200,OK,407,13.828059,13.827978,default_timer
28,21 Aug 2020,17:52:09,1598003529.13,http://127.0.0.1:9089/media/fuzzysearch,200,OK,407,13.834988,13.834887,default_timer
227,21 Aug 2020,17:52:09,1598003529.13,http://127.0.0.1:9089/media/fuzzysearch,200,OK,407,13.466127,13.466055,default_timer
15,21 Aug 2020,17:52:09,1598003529.21,http://127.0.0.1:9089/media/fuzzysearch,200,OK,407,13.944625,13.944536,default_timer
109,21 Aug 2020,17:52:09,1598003529.23,http://127.0.0.1:9089/media/fuzzysearch,200,OK,407,13.791631,13.791493,default_timer
48,21 Aug 2020,17:52:09,1598003529.26,http://127.0.0.1:9089/media/fuzzysearch,200,OK,407,13.930750,13.930679,default_timer
143,21 Aug 2020,17:52:09,1598003529.35,http://127.0.0.1:9089/media/fuzzysearch,200,OK,407,13.849466,13.849393,default_timer
210,21 Aug 2020,17:52:09,1598003529.36,http://127.0.0.1:9089/media/fuzzysearch,200,OK,407,13.727280,13.727196,default_timer
14,21 Aug 2020,17:52:09,1598003529.41,http://127.0.0.1:9089/media/fuzzysearch,200,OK,407,14.154425,14.154348,default_timer
136,21 Aug 2020,17:52:09,1598003529.53,http://127.0.0.1:9089/media/fuzzysearch,200,OK,407,14.042809,14.042720,default_timer
151,21 Aug 2020,17:52:09,1598003529.65,http://127.0.0.1:9089/media/fuzzysearch,200,OK,407,14.133849,14.133757,default_timer
339,21 Aug 2020,17:52:09,1598003529.67,http://127.0.0.1:9089/media/fuzzysearch,200,OK,407,13.795040,13.794963,default_timer
112,21 Aug 2020,17:52:09,1598003529.67,http://127.0.0.1:9089/media/fuzzysearch,200,OK,407,14.231973,14.231898,default_timer
33,21 Aug 2020,17:52:09,1598003529.68,http://127.0.0.1:9089/media/fuzzysearch,200,OK,407,14.376080,14.375995,default_timer
140,21 Aug 2020,17:52:09,1598003529.74,http://127.0.0.1:9089/media/fuzzysearch,200,OK,407,14.238900,14.238810,default_timer
95,21 Aug 2020,17:52:09,1598003529.78,http://127.0.0.1:9089/media/fuzzysearch,200,OK,407,14.367667,14.367577,default_timer
208,21 Aug 2020,17:52:09,1598003529.8,http://127.0.0.1:9089/media/fuzzysearch,200,OK,407,14.176578,14.176491,default_timer
92,21 Aug 2020,17:52:09,1598003529.82,http://127.0.0.1:9089/media/fuzzysearch,200,OK,407,14.414292,14.414198,default_timer
89,21 Aug 2020,17:52:09,1598003529.84,http://127.0.0.1:9089/media/fuzzysearch,200,OK,407,14.439774,14.439687,default_timer
39,21 Aug 2020,17:52:09,1598003529.93,http://127.0.0.1:9089/media/fuzzysearch,200,OK,407,14.619538,14.619376,default_timer
102,21 Aug 2020,17:52:09,1598003529.96,http://127.0.0.1:9089/media/fuzzysearch,200,OK,407,14.537563,14.537475,default_timer
149,21 Aug 2020,17:52:09,1598003529.97,http://127.0.0.1:9089/media/fuzzysearch,200,OK,407,14.452901,14.452825,default_timer
245,21 Aug 2020,17:52:10,1598003530.0,http://127.0.0.1:9089/media/fuzzysearch,200,OK,407,14.312284,14.312209,default_timer
27,21 Aug 2020,17:52:10,1598003530.13,http://127.0.0.1:9089/media/fuzzysearch,200,OK,407,14.839599,14.839511,default_timer
19,21 Aug 2020,17:52:10,1598003530.18,http://127.0.0.1:9089/media/fuzzysearch,200,OK,407,14.913361,14.913222,default_timer
168,21 Aug 2020,17:52:10,1598003530.18,http://127.0.0.1:9089/media/fuzzysearch,200,OK,407,14.635824,14.635708,default_timer
116,21 Aug 2020,17:52:10,1598003530.2,http://127.0.0.1:9089/media/fuzzysearch,200,OK,407,14.749704,14.749630,default_timer
185,21 Aug 2020,17:52:10,1598003530.28,http://127.0.0.1:9089/media/fuzzysearch,200,OK,407,14.699080,14.698975,default_timer
217,21 Aug 2020,17:52:10,1598003530.31,http://127.0.0.1:9089/media/fuzzysearch,200,OK,407,14.668551,14.668476,default_timer
49,21 Aug 2020,17:52:10,1598003530.32,http://127.0.0.1:9089/media/fuzzysearch,200,OK,407,14.994786,14.994713,default_timer
232,21 Aug 2020,17:52:10,1598003530.34,http://127.0.0.1:9089/media/fuzzysearch,200,OK,407,14.666565,14.666485,default_timer
165,21 Aug 2020,17:52:10,1598003530.34,http://127.0.0.1:9089/media/fuzzysearch,200,OK,407,14.799356,14.799268,default_timer
218,21 Aug 2020,17:52:10,1598003530.35,http://127.0.0.1:9089/media/fuzzysearch,200,OK,407,14.706769,14.706625,default_timer
91,21 Aug 2020,17:52:10,1598003530.36,http://127.0.0.1:9089/media/fuzzysearch,200,OK,407,14.949825,14.949735,default_timer
29,21 Aug 2020,17:52:10,1598003530.4,http://127.0.0.1:9089/media/fuzzysearch,200,OK,407,15.103149,15.103040,default_timer
181,21 Aug 2020,17:52:10,1598003530.52,http://127.0.0.1:9089/media/fuzzysearch,200,OK,407,14.948193,14.948047,default_timer
53,21 Aug 2020,17:52:10,1598003530.55,http://127.0.0.1:9089/media/fuzzysearch,200,OK,407,15.213056,15.212961,default_timer
93,21 Aug 2020,17:52:10,1598003530.56,http://127.0.0.1:9089/media/fuzzysearch,200,OK,407,15.157693,15.157579,default_timer
50,21 Aug 2020,17:52:10,1598003530.57,http://127.0.0.1:9089/media/fuzzysearch,200,OK,407,15.237274,15.237210,default_timer
352,21 Aug 2020,17:52:10,1598003530.57,http://127.0.0.1:9089/media/fuzzysearch,200,OK,407,14.669012,14.668939,default_timer
179,21 Aug 2020,17:52:10,1598003530.69,http://127.0.0.1:9089/media/fuzzysearch,200,OK,407,15.127677,15.127601,default_timer
464,21 Aug 2020,17:52:10,1598003530.73,http://127.0.0.1:9089/media/fuzzysearch,200,OK,407,14.613685,14.613598,default_timer
99,21 Aug 2020,17:52:10,1598003530.74,http://127.0.0.1:9089/media/fuzzysearch,200,OK,407,15.320926,15.320822,default_timer
240,21 Aug 2020,17:52:10,1598003530.75,http://127.0.0.1:9089/media/fuzzysearch,200,OK,407,15.065836,15.065692,default_timer
173,21 Aug 2020,17:52:10,1598003530.84,http://127.0.0.1:9089/media/fuzzysearch,200,OK,407,15.287954,15.287891,default_timer
31,21 Aug 2020,17:52:10,1598003530.91,http://127.0.0.1:9089/media/fuzzysearch,200,OK,407,15.612977,15.612827,default_timer
209,21 Aug 2020,17:52:10,1598003530.92,http://127.0.0.1:9089/media/fuzzysearch,200,OK,407,15.294807,15.294732,default_timer
45,21 Aug 2020,17:52:10,1598003530.92,http://127.0.0.1:9089/media/fuzzysearch,200,OK,407,15.603018,15.602921,default_timer
170,21 Aug 2020,17:52:10,1598003530.92,http://127.0.0.1:9089/media/fuzzysearch,200,OK,407,15.374965,15.374861,default_timer
8,21 Aug 2020,17:52:10,1598003530.93,http://127.0.0.1:9089/media/fuzzysearch,200,OK,407,15.678692,15.678609,default_timer
119,21 Aug 2020,17:52:10,1598003530.93,http://127.0.0.1:9089/media/fuzzysearch,200,OK,407,15.473136,15.473040,default_timer
42,21 Aug 2020,17:52:10,1598003530.97,http://127.0.0.1:9089/media/fuzzysearch,200,OK,407,15.656906,15.656775,default_timer
219,21 Aug 2020,17:52:10,1598003530.97,http://127.0.0.1:9089/media/fuzzysearch,200,OK,407,15.324728,15.324644,default_timer
279,21 Aug 2020,17:52:11,1598003531.0,http://127.0.0.1:9089/media/fuzzysearch,200,OK,407,15.250694,15.250637,default_timer
78,21 Aug 2020,17:52:11,1598003531.07,http://127.0.0.1:9089/media/fuzzysearch,200,OK,407,15.687030,15.686885,default_timer
61,21 Aug 2020,17:52:11,1598003531.26,http://127.0.0.1:9089/media/fuzzysearch,200,OK,407,15.915188,15.915044,default_timer
379,21 Aug 2020,17:52:11,1598003531.41,http://127.0.0.1:9089/media/fuzzysearch,200,OK,407,15.452626,15.452552,default_timer
85,21 Aug 2020,17:52:12,1598003532.41,http://127.0.0.1:9089/media/fuzzysearch,200,OK,407,17.016775,17.016695,default_timer
120,21 Aug 2020,17:52:12,1598003532.41,http://127.0.0.1:9089/media/fuzzysearch,200,OK,407,16.958141,16.958082,default_timer
273,21 Aug 2020,17:52:12,1598003532.44,http://127.0.0.1:9089/media/fuzzysearch,200,OK,407,16.696606,16.696489,default_timer
34,21 Aug 2020,17:52:12,1598003532.63,http://127.0.0.1:9089/media/fuzzysearch,200,OK,407,17.326804,17.326695,default_timer
30,21 Aug 2020,17:52:12,1598003532.64,http://127.0.0.1:9089/media/fuzzysearch,200,OK,407,17.348494,17.348347,default_timer
148,21 Aug 2020,17:52:13,1598003533.58,http://127.0.0.1:9089/media/fuzzysearch,200,OK,407,18.062798,18.062694,default_timer
83,21 Aug 2020,17:52:13,1598003533.58,http://127.0.0.1:9089/media/fuzzysearch,200,OK,407,18.183835,18.183753,default_timer
24,21 Aug 2020,17:52:13,1598003533.58,http://127.0.0.1:9089/media/fuzzysearch,200,OK,407,18.296601,18.296514,default_timer
103,21 Aug 2020,17:52:13,1598003533.58,http://127.0.0.1:9089/media/fuzzysearch,200,OK,407,18.153507,18.153432,default_timer
326,21 Aug 2020,17:52:13,1598003533.58,http://127.0.0.1:9089/media/fuzzysearch,200,OK,407,17.736801,17.736730,default_timer
270,21 Aug 2020,17:52:13,1598003533.58,http://127.0.0.1:9089/media/fuzzysearch,200,OK,407,17.839556,17.839480,default_timer
138,21 Aug 2020,17:52:13,1598003533.58,http://127.0.0.1:9089/media/fuzzysearch,200,OK,407,18.084947,18.084868,default_timer
499,21 Aug 2020,17:52:13,1598003533.58,http://127.0.0.1:9089/media/fuzzysearch,200,OK,407,17.398886,17.398808,default_timer
147,21 Aug 2020,17:52:13,1598003533.58,http://127.0.0.1:9089/media/fuzzysearch,200,OK,407,18.067758,18.067686,default_timer
131,21 Aug 2020,17:52:13,1598003533.58,http://127.0.0.1:9089/media/fuzzysearch,200,OK,407,18.102677,18.102596,default_timer
206,21 Aug 2020,17:52:13,1598003533.58,http://127.0.0.1:9089/media/fuzzysearch,200,OK,407,17.970509,17.970450,default_timer
5,21 Aug 2020,17:52:13,1598003533.58,http://127.0.0.1:9089/media/fuzzysearch,200,OK,407,18.342045,18.341970,default_timer
471,21 Aug 2020,17:52:13,1598003533.58,http://127.0.0.1:9089/media/fuzzysearch,200,OK,407,17.455854,17.455781,default_timer
163,21 Aug 2020,17:52:13,1598003533.58,http://127.0.0.1:9089/media/fuzzysearch,200,OK,407,18.041747,18.041662,default_timer
152,21 Aug 2020,17:52:13,1598003533.58,http://127.0.0.1:9089/media/fuzzysearch,200,OK,407,18.063933,18.063836,default_timer
183,21 Aug 2020,17:52:13,1598003533.58,http://127.0.0.1:9089/media/fuzzysearch,200,OK,407,18.009571,18.009487,default_timer
476,21 Aug 2020,17:52:13,1598003533.58,http://127.0.0.1:9089/media/fuzzysearch,200,OK,407,17.438738,17.438644,default_timer
242,21 Aug 2020,17:52:13,1598003533.58,http://127.0.0.1:9089/media/fuzzysearch,200,OK,407,17.898665,17.898583,default_timer
215,21 Aug 2020,17:52:13,1598003533.58,http://127.0.0.1:9089/media/fuzzysearch,200,OK,407,17.944175,17.944102,default_timer
474,21 Aug 2020,17:52:13,1598003533.58,http://127.0.0.1:9089/media/fuzzysearch,200,OK,407,17.443138,17.443064,default_timer
153,21 Aug 2020,17:52:13,1598003533.58,http://127.0.0.1:9089/media/fuzzysearch,200,OK,407,18.065224,18.065149,default_timer
130,21 Aug 2020,17:52:13,1598003533.59,http://127.0.0.1:9089/media/fuzzysearch,200,OK,407,18.110528,18.110442,default_timer
64,21 Aug 2020,17:52:13,1598003533.59,http://127.0.0.1:9089/media/fuzzysearch,200,OK,407,18.233090,18.233006,default_timer
46,21 Aug 2020,17:52:13,1598003533.59,http://127.0.0.1:9089/media/fuzzysearch,200,OK,407,18.264119,18.264051,default_timer
155,21 Aug 2020,17:52:13,1598003533.59,http://127.0.0.1:9089/media/fuzzysearch,200,OK,407,18.058782,18.058711,default_timer
10,21 Aug 2020,17:52:13,1598003533.59,http://127.0.0.1:9089/media/fuzzysearch,200,OK,407,18.336071,18.336011,default_timer
157,21 Aug 2020,17:52:13,1598003533.59,http://127.0.0.1:9089/media/fuzzysearch,200,OK,407,18.059797,18.059691,default_timer
164,21 Aug 2020,17:52:13,1598003533.6,http://127.0.0.1:9089/media/fuzzysearch,200,OK,407,18.055774,18.055536,default_timer
141,21 Aug 2020,17:52:13,1598003533.61,http://127.0.0.1:9089/media/fuzzysearch,200,OK,407,18.109072,18.109005,default_timer
220,21 Aug 2020,17:52:13,1598003533.61,http://127.0.0.1:9089/media/fuzzysearch,200,OK,407,17.960450,17.960368,default_timer
40,21 Aug 2020,17:52:13,1598003533.61,http://127.0.0.1:9089/media/fuzzysearch,200,OK,407,18.301333,18.301253,default_timer
70,21 Aug 2020,17:52:13,1598003533.61,http://127.0.0.1:9089/media/fuzzysearch,200,OK,407,18.243065,18.242998,default_timer
125,21 Aug 2020,17:52:13,1598003533.61,http://127.0.0.1:9089/media/fuzzysearch,200,OK,407,18.148179,18.148124,default_timer
380,21 Aug 2020,17:52:13,1598003533.61,http://127.0.0.1:9089/media/fuzzysearch,200,OK,407,17.651319,17.651241,default_timer
445,21 Aug 2020,17:52:13,1598003533.62,http://127.0.0.1:9089/media/fuzzysearch,200,OK,407,17.535783,17.535721,default_timer
201,21 Aug 2020,17:52:13,1598003533.62,http://127.0.0.1:9089/media/fuzzysearch,200,OK,407,18.015536,18.015489,default_timer
56,21 Aug 2020,17:52:13,1598003533.62,http://127.0.0.1:9089/media/fuzzysearch,200,OK,407,18.275764,18.275674,default_timer
60,21 Aug 2020,17:52:13,1598003533.62,http://127.0.0.1:9089/media/fuzzysearch,200,OK,407,18.274248,18.274159,default_timer
498,21 Aug 2020,17:52:13,1598003533.62,http://127.0.0.1:9089/media/fuzzysearch,200,OK,407,17.444535,17.444456,default_timer
235,21 Aug 2020,17:52:13,1598003533.62,http://127.0.0.1:9089/media/fuzzysearch,200,OK,407,17.950499,17.950405,default_timer
195,21 Aug 2020,17:52:13,1598003533.63,http://127.0.0.1:9089/media/fuzzysearch,200,OK,407,18.043870,18.043773,default_timer
3,21 Aug 2020,17:52:13,1598003533.65,http://127.0.0.1:9089/media/fuzzysearch,200,OK,407,18.414132,18.414053,default_timer
43,21 Aug 2020,17:52:13,1598003533.65,http://127.0.0.1:9089/media/fuzzysearch,200,OK,407,18.336854,18.336717,default_timer
460,21 Aug 2020,17:52:13,1598003533.66,http://127.0.0.1:9089/media/fuzzysearch,200,OK,407,17.548450,17.548353,default_timer
80,21 Aug 2020,17:52:13,1598003533.66,http://127.0.0.1:9089/media/fuzzysearch,200,OK,407,18.270120,18.270037,default_timer
388,21 Aug 2020,17:52:13,1598003533.66,http://127.0.0.1:9089/media/fuzzysearch,200,OK,407,17.684820,17.684719,default_timer
76,21 Aug 2020,17:52:13,1598003533.66,http://127.0.0.1:9089/media/fuzzysearch,200,OK,407,18.275310,18.275224,default_timer
233,21 Aug 2020,17:52:13,1598003533.66,http://127.0.0.1:9089/media/fuzzysearch,200,OK,407,17.989205,17.989129,default_timer
494,21 Aug 2020,17:52:13,1598003533.66,http://127.0.0.1:9089/media/fuzzysearch,200,OK,407,17.488573,17.488502,default_timer
257,21 Aug 2020,17:52:13,1598003533.66,http://127.0.0.1:9089/media/fuzzysearch,200,OK,407,17.955104,17.955018,default_timer
139,21 Aug 2020,17:52:13,1598003533.67,http://127.0.0.1:9089/media/fuzzysearch,200,OK,407,18.170685,18.170586,default_timer
38,21 Aug 2020,17:52:13,1598003533.67,http://127.0.0.1:9089/media/fuzzysearch,200,OK,407,18.359680,18.359593,default_timer
261,21 Aug 2020,17:52:13,1598003533.67,http://127.0.0.1:9089/media/fuzzysearch,200,OK,407,17.946414,17.946321,default_timer
159,21 Aug 2020,17:52:13,1598003533.67,http://127.0.0.1:9089/media/fuzzysearch,200,OK,407,18.138776,18.138692,default_timer
207,21 Aug 2020,17:52:13,1598003533.67,http://127.0.0.1:9089/media/fuzzysearch,200,OK,407,18.050589,18.050031,default_timer
36,21 Aug 2020,17:52:13,1598003533.68,http://127.0.0.1:9089/media/fuzzysearch,200,OK,407,18.377450,18.377356,default_timer
88,21 Aug 2020,17:52:13,1598003533.7,http://127.0.0.1:9089/media/fuzzysearch,200,OK,407,18.303294,18.303233,default_timer
166,21 Aug 2020,17:52:13,1598003533.71,http://127.0.0.1:9089/media/fuzzysearch,200,OK,407,18.160974,18.160898,default_timer
6,21 Aug 2020,17:52:13,1598003533.71,http://127.0.0.1:9089/media/fuzzysearch,200,OK,407,18.471973,18.471909,default_timer
11,21 Aug 2020,17:52:13,1598003533.72,http://127.0.0.1:9089/media/fuzzysearch,200,OK,407,18.462296,18.462238,default_timer
22,21 Aug 2020,17:52:13,1598003533.72,http://127.0.0.1:9089/media/fuzzysearch,200,OK,407,18.442726,18.442652,default_timer
35,21 Aug 2020,17:52:13,1598003533.74,http://127.0.0.1:9089/media/fuzzysearch,200,OK,407,18.436454,18.436304,default_timer
84,21 Aug 2020,17:52:13,1598003533.77,http://127.0.0.1:9089/media/fuzzysearch,200,OK,407,18.380032,18.379949,default_timer
90,21 Aug 2020,17:52:13,1598003533.87,http://127.0.0.1:9089/media/fuzzysearch,200,OK,407,18.470658,18.470560,default_timer
4,21 Aug 2020,17:52:13,1598003533.99,http://127.0.0.1:9089/media/fuzzysearch,200,OK,407,18.756558,18.756462,default_timer
117,21 Aug 2020,17:52:13,1598003533.99,http://127.0.0.1:9089/media/fuzzysearch,200,OK,407,18.539963,18.539881,default_timer
194,21 Aug 2020,17:52:13,1598003533.99,http://127.0.0.1:9089/media/fuzzysearch,200,OK,407,18.403793,18.403714,default_timer
241,21 Aug 2020,17:52:13,1598003533.99,http://127.0.0.1:9089/media/fuzzysearch,200,OK,407,18.311266,18.311192,default_timer
335,21 Aug 2020,17:52:13,1598003534.0,http://127.0.0.1:9089/media/fuzzysearch,200,OK,407,18.140649,18.140555,default_timer
289,21 Aug 2020,17:52:13,1598003534.0,http://127.0.0.1:9089/media/fuzzysearch,200,OK,407,18.220219,18.220133,default_timer
188,21 Aug 2020,17:52:13,1598003534.0,http://127.0.0.1:9089/media/fuzzysearch,200,OK,407,18.415934,18.415863,default_timer
197,21 Aug 2020,17:52:13,1598003534.0,http://127.0.0.1:9089/media/fuzzysearch,200,OK,407,18.403281,18.403212,default_timer
424,21 Aug 2020,17:52:13,1598003534.0,http://127.0.0.1:9089/media/fuzzysearch,200,OK,407,17.962306,17.962208,default_timer
55,21 Aug 2020,17:52:13,1598003534.0,http://127.0.0.1:9089/media/fuzzysearch,200,OK,407,18.660731,18.660658,default_timer
111,21 Aug 2020,17:52:13,1598003534.0,http://127.0.0.1:9089/media/fuzzysearch,200,OK,407,18.558718,18.558657,default_timer
114,21 Aug 2020,17:52:14,1598003534.0,http://127.0.0.1:9089/media/fuzzysearch,200,OK,407,18.554116,18.554058,default_timer
172,21 Aug 2020,17:52:14,1598003534.0,http://127.0.0.1:9089/media/fuzzysearch,200,OK,407,18.447359,18.447267,default_timer
12,21 Aug 2020,17:52:14,1598003534.0,http://127.0.0.1:9089/media/fuzzysearch,200,OK,407,18.746938,18.746842,default_timer
54,21 Aug 2020,17:52:14,1598003534.0,http://127.0.0.1:9089/media/fuzzysearch,200,OK,407,18.664256,18.664188,default_timer
405,21 Aug 2020,17:52:14,1598003534.0,http://127.0.0.1:9089/media/fuzzysearch,200,OK,407,17.995089,17.995006,default_timer
253,21 Aug 2020,17:52:14,1598003534.04,http://127.0.0.1:9089/media/fuzzysearch,200,OK,407,18.331973,18.331819,default_timer
271,21 Aug 2020,17:52:14,1598003534.04,http://127.0.0.1:9089/media/fuzzysearch,200,OK,407,18.298122,18.298027,default_timer
205,21 Aug 2020,17:52:14,1598003534.04,http://127.0.0.1:9089/media/fuzzysearch,200,OK,407,18.429213,18.429153,default_timer
403,21 Aug 2020,17:52:14,1598003534.04,http://127.0.0.1:9089/media/fuzzysearch,200,OK,407,18.040971,18.040892,default_timer
221,21 Aug 2020,17:52:14,1598003534.04,http://127.0.0.1:9089/media/fuzzysearch,200,OK,407,18.389032,18.388940,default_timer
65,21 Aug 2020,17:52:14,1598003534.3,http://127.0.0.1:9089/media/fuzzysearch,200,OK,407,18.942930,18.942856,default_timer
399,21 Aug 2020,17:52:14,1598003534.51,http://127.0.0.1:9089/media/fuzzysearch,200,OK,407,18.521706,18.521575,default_timer
192,21 Aug 2020,17:52:14,1598003534.51,http://127.0.0.1:9089/media/fuzzysearch,200,OK,407,18.928539,18.928476,default_timer
228,21 Aug 2020,17:52:14,1598003534.56,http://127.0.0.1:9089/media/fuzzysearch,200,OK,407,18.892056,18.891993,default_timer
67,21 Aug 2020,17:52:14,1598003534.72,http://127.0.0.1:9089/media/fuzzysearch,200,OK,407,19.363554,19.363437,default_timer
135,21 Aug 2020,17:52:14,1598003535.0,http://127.0.0.1:9089/media/fuzzysearch,200,OK,407,19.515765,19.515705,default_timer
104,21 Aug 2020,17:52:15,1598003535.14,http://127.0.0.1:9089/media/fuzzysearch,200,OK,407,19.712067,19.712003,default_timer
372,21 Aug 2020,17:52:15,1598003535.29,http://127.0.0.1:9089/media/fuzzysearch,200,OK,407,19.334344,19.334272,default_timer
303,21 Aug 2020,17:52:15,1598003535.29,http://127.0.0.1:9089/media/fuzzysearch,200,OK,407,19.482806,19.482704,default_timer
146,21 Aug 2020,17:52:15,1598003535.29,http://127.0.0.1:9089/media/fuzzysearch,200,OK,407,19.782167,19.782091,default_timer
62,21 Aug 2020,17:52:15,1598003535.59,http://127.0.0.1:9089/media/fuzzysearch,200,OK,407,20.242498,20.242425,default_timer
37,21 Aug 2020,17:52:15,1598003535.88,http://127.0.0.1:9089/media/fuzzysearch,200,OK,407,20.572437,20.572329,default_timer
212,21 Aug 2020,17:52:15,1598003535.89,http://127.0.0.1:9089/media/fuzzysearch,200,OK,407,20.254501,20.254422,default_timer
75,21 Aug 2020,17:52:15,1598003535.89,http://127.0.0.1:9089/media/fuzzysearch,200,OK,407,20.507885,20.507807,default_timer
20,21 Aug 2020,17:52:15,1598003535.89,http://127.0.0.1:9089/media/fuzzysearch,200,OK,407,20.617787,20.617715,default_timer
319,21 Aug 2020,17:52:16,1598003536.05,http://127.0.0.1:9089/media/fuzzysearch,200,OK,407,20.221340,20.221257,default_timer
443,21 Aug 2020,17:52:16,1598003536.05,http://127.0.0.1:9089/media/fuzzysearch,200,OK,407,19.974412,19.974354,default_timer
96,21 Aug 2020,17:52:16,1598003536.05,http://127.0.0.1:9089/media/fuzzysearch,200,OK,407,20.639001,20.638928,default_timer
82,21 Aug 2020,17:52:16,1598003536.05,http://127.0.0.1:9089/media/fuzzysearch,200,OK,407,20.665110,20.665047,default_timer
409,21 Aug 2020,17:52:16,1598003536.17,http://127.0.0.1:9089/media/fuzzysearch,200,OK,407,20.157994,20.157920,default_timer
406,21 Aug 2020,17:52:16,1598003536.18,http://127.0.0.1:9089/media/fuzzysearch,200,OK,407,20.176851,20.176776,default_timer
124,21 Aug 2020,17:52:16,1598003536.19,http://127.0.0.1:9089/media/fuzzysearch,200,OK,407,20.723492,20.723399,default_timer
423,21 Aug 2020,17:52:16,1598003536.19,http://127.0.0.1:9089/media/fuzzysearch,200,OK,407,20.151022,20.150926,default_timer
317,21 Aug 2020,17:52:16,1598003536.37,http://127.0.0.1:9089/media/fuzzysearch,200,OK,407,20.541039,20.540962,default_timer
128,21 Aug 2020,17:52:16,1598003536.38,http://127.0.0.1:9089/media/fuzzysearch,200,OK,407,20.904206,20.904127,default_timer
415,21 Aug 2020,17:52:16,1598003536.57,http://127.0.0.1:9089/media/fuzzysearch,200,OK,407,20.550877,20.550770,default_timer
321,21 Aug 2020,17:52:16,1598003536.58,http://127.0.0.1:9089/media/fuzzysearch,200,OK,407,20.750208,20.750140,default_timer
68,21 Aug 2020,17:52:16,1598003536.69,http://127.0.0.1:9089/media/fuzzysearch,200,OK,407,21.333401,21.333354,default_timer
44,21 Aug 2020,17:52:16,1598003536.71,http://127.0.0.1:9089/media/fuzzysearch,200,OK,407,21.392978,21.392889,default_timer
237,21 Aug 2020,17:52:16,1598003536.92,http://127.0.0.1:9089/media/fuzzysearch,200,OK,407,21.247301,21.247224,default_timer
340,21 Aug 2020,17:52:17,1598003537.36,http://127.0.0.1:9089/media/fuzzysearch,200,OK,407,21.487523,21.487449,default_timer
264,21 Aug 2020,17:52:17,1598003537.37,http://127.0.0.1:9089/media/fuzzysearch,200,OK,407,21.642124,21.642045,default_timer
487,21 Aug 2020,17:52:17,1598003537.37,http://127.0.0.1:9089/media/fuzzysearch,200,OK,407,21.210609,21.210555,default_timer
79,21 Aug 2020,17:52:17,1598003537.37,http://127.0.0.1:9089/media/fuzzysearch,200,OK,407,21.989634,21.989574,default_timer
129,21 Aug 2020,17:52:17,1598003537.38,http://127.0.0.1:9089/media/fuzzysearch,200,OK,407,21.903790,21.903694,default_timer
187,21 Aug 2020,17:52:17,1598003537.41,http://127.0.0.1:9089/media/fuzzysearch,200,OK,407,21.827226,21.827139,default_timer
176,21 Aug 2020,17:52:17,1598003537.41,http://127.0.0.1:9089/media/fuzzysearch,200,OK,407,21.848825,21.848746,default_timer
1,21 Aug 2020,17:52:17,1598003537.41,http://127.0.0.1:9089/media/fuzzysearch,200,OK,407,22.178292,22.178195,default_timer
244,21 Aug 2020,17:52:17,1598003537.41,http://127.0.0.1:9089/media/fuzzysearch,200,OK,407,21.727284,21.727203,default_timer
349,21 Aug 2020,17:52:17,1598003537.42,http://127.0.0.1:9089/media/fuzzysearch,200,OK,407,21.521961,21.521907,default_timer
81,21 Aug 2020,17:52:17,1598003537.42,http://127.0.0.1:9089/media/fuzzysearch,200,OK,407,22.028186,22.028125,default_timer
41,21 Aug 2020,17:52:17,1598003537.42,http://127.0.0.1:9089/media/fuzzysearch,200,OK,407,22.105111,22.105032,default_timer
101,21 Aug 2020,17:52:17,1598003537.42,http://127.0.0.1:9089/media/fuzzysearch,200,OK,407,21.996254,21.996197,default_timer
105,21 Aug 2020,17:52:17,1598003537.42,http://127.0.0.1:9089/media/fuzzysearch,200,OK,407,21.991524,21.991446,default_timer
491,21 Aug 2020,17:52:17,1598003537.42,http://127.0.0.1:9089/media/fuzzysearch,200,OK,407,21.249785,21.249715,default_timer
413,21 Aug 2020,17:52:17,1598003537.42,http://127.0.0.1:9089/media/fuzzysearch,200,OK,407,21.399440,21.399368,default_timer
156,21 Aug 2020,17:52:17,1598003537.42,http://127.0.0.1:9089/media/fuzzysearch,200,OK,407,21.889277,21.889197,default_timer
47,21 Aug 2020,17:52:17,1598003537.42,http://127.0.0.1:9089/media/fuzzysearch,200,OK,407,22.095275,22.095199,default_timer
251,21 Aug 2020,17:52:17,1598003537.42,http://127.0.0.1:9089/media/fuzzysearch,200,OK,407,21.719710,21.719634,default_timer
182,21 Aug 2020,17:52:17,1598003537.42,http://127.0.0.1:9089/media/fuzzysearch,200,OK,407,21.848712,21.848642,default_timer
389,21 Aug 2020,17:52:17,1598003537.42,http://127.0.0.1:9089/media/fuzzysearch,200,OK,407,21.446673,21.446600,default_timer
392,21 Aug 2020,17:52:17,1598003537.42,http://127.0.0.1:9089/media/fuzzysearch,200,OK,407,21.443161,21.443070,default_timer
444,21 Aug 2020,17:52:17,1598003537.43,http://127.0.0.1:9089/media/fuzzysearch,200,OK,407,21.349501,21.349398,default_timer
421,21 Aug 2020,17:52:17,1598003537.43,http://127.0.0.1:9089/media/fuzzysearch,200,OK,407,21.396993,21.396906,default_timer
108,21 Aug 2020,17:52:17,1598003537.43,http://127.0.0.1:9089/media/fuzzysearch,200,OK,407,21.992643,21.992538,default_timer
121,21 Aug 2020,17:52:17,1598003537.43,http://127.0.0.1:9089/media/fuzzysearch,200,OK,407,21.973225,21.973152,default_timer
250,21 Aug 2020,17:52:17,1598003537.43,http://127.0.0.1:9089/media/fuzzysearch,200,OK,407,21.732060,21.731978,default_timer
446,21 Aug 2020,17:52:17,1598003537.43,http://127.0.0.1:9089/media/fuzzysearch,200,OK,407,21.350265,21.350204,default_timer
495,21 Aug 2020,17:52:17,1598003537.43,http://127.0.0.1:9089/media/fuzzysearch,200,OK,407,21.256934,21.256876,default_timer
390,21 Aug 2020,17:52:17,1598003537.43,http://127.0.0.1:9089/media/fuzzysearch,200,OK,407,21.455511,21.455423,default_timer
414,21 Aug 2020,17:52:17,1598003537.43,http://127.0.0.1:9089/media/fuzzysearch,200,OK,407,21.411902,21.411825,default_timer
106,21 Aug 2020,17:52:17,1598003537.43,http://127.0.0.1:9089/media/fuzzysearch,200,OK,407,22.005199,22.005133,default_timer
200,21 Aug 2020,17:52:17,1598003537.43,http://127.0.0.1:9089/media/fuzzysearch,200,OK,407,21.834026,21.833950,default_timer
453,21 Aug 2020,17:52:17,1598003537.43,http://127.0.0.1:9089/media/fuzzysearch,200,OK,407,21.343473,21.343402,default_timer
13,21 Aug 2020,17:52:17,1598003537.43,http://127.0.0.1:9089/media/fuzzysearch,200,OK,407,22.178775,22.178678,default_timer
142,21 Aug 2020,17:52:17,1598003537.43,http://127.0.0.1:9089/media/fuzzysearch,200,OK,407,21.931589,21.931509,default_timer
58,21 Aug 2020,17:52:17,1598003537.43,http://127.0.0.1:9089/media/fuzzysearch,200,OK,407,22.092246,22.092172,default_timer
307,21 Aug 2020,17:52:17,1598003537.44,http://127.0.0.1:9089/media/fuzzysearch,200,OK,407,21.623897,21.623825,default_timer
465,21 Aug 2020,17:52:17,1598003537.44,http://127.0.0.1:9089/media/fuzzysearch,200,OK,407,21.319529,21.319417,default_timer
122,21 Aug 2020,17:52:17,1598003537.44,http://127.0.0.1:9089/media/fuzzysearch,200,OK,407,21.977097,21.977009,default_timer
293,21 Aug 2020,17:52:17,1598003537.44,http://127.0.0.1:9089/media/fuzzysearch,200,OK,407,21.654749,21.654669,default_timer
144,21 Aug 2020,17:52:17,1598003537.44,http://127.0.0.1:9089/media/fuzzysearch,200,OK,407,21.932821,21.932743,default_timer
180,21 Aug 2020,17:52:17,1598003537.44,http://127.0.0.1:9089/media/fuzzysearch,200,OK,407,21.871857,21.871763,default_timer
285,21 Aug 2020,17:52:17,1598003537.44,http://127.0.0.1:9089/media/fuzzysearch,200,OK,407,21.673040,21.672981,default_timer
161,21 Aug 2020,17:52:17,1598003537.44,http://127.0.0.1:9089/media/fuzzysearch,200,OK,407,21.902378,21.902310,default_timer
325,21 Aug 2020,17:52:17,1598003537.44,http://127.0.0.1:9089/media/fuzzysearch,200,OK,407,21.601474,21.601381,default_timer
72,21 Aug 2020,17:52:17,1598003537.44,http://127.0.0.1:9089/media/fuzzysearch,200,OK,407,22.069374,22.069290,default_timer
301,21 Aug 2020,17:52:17,1598003537.44,http://127.0.0.1:9089/media/fuzzysearch,200,OK,407,21.642491,21.642405,default_timer
449,21 Aug 2020,17:52:17,1598003537.44,http://127.0.0.1:9089/media/fuzzysearch,200,OK,407,21.357475,21.357391,default_timer
193,21 Aug 2020,17:52:17,1598003537.44,http://127.0.0.1:9089/media/fuzzysearch,200,OK,407,21.854877,21.854795,default_timer
59,21 Aug 2020,17:52:17,1598003537.44,http://127.0.0.1:9089/media/fuzzysearch,200,OK,407,22.098907,22.098826,default_timer
69,21 Aug 2020,17:52:17,1598003537.44,http://127.0.0.1:9089/media/fuzzysearch,200,OK,407,22.085610,22.085539,default_timer
234,21 Aug 2020,17:52:17,1598003537.45,http://127.0.0.1:9089/media/fuzzysearch,200,OK,407,21.773134,21.772995,default_timer
382,21 Aug 2020,17:52:17,1598003537.45,http://127.0.0.1:9089/media/fuzzysearch,200,OK,407,21.480346,21.480301,default_timer
437,21 Aug 2020,17:52:17,1598003537.45,http://127.0.0.1:9089/media/fuzzysearch,200,OK,407,21.378567,21.378493,default_timer
263,21 Aug 2020,17:52:17,1598003537.45,http://127.0.0.1:9089/media/fuzzysearch,200,OK,407,21.721020,21.720939,default_timer
448,21 Aug 2020,17:52:17,1598003537.45,http://127.0.0.1:9089/media/fuzzysearch,200,OK,407,21.364555,21.364483,default_timer
203,21 Aug 2020,17:52:17,1598003537.45,http://127.0.0.1:9089/media/fuzzysearch,200,OK,407,21.851550,21.851483,default_timer
266,21 Aug 2020,17:52:17,1598003537.46,http://127.0.0.1:9089/media/fuzzysearch,200,OK,407,21.728669,21.728551,default_timer
462,21 Aug 2020,17:52:17,1598003537.46,http://127.0.0.1:9089/media/fuzzysearch,200,OK,407,21.348679,21.348592,default_timer
223,21 Aug 2020,17:52:17,1598003537.46,http://127.0.0.1:9089/media/fuzzysearch,200,OK,407,21.806167,21.806083,default_timer
211,21 Aug 2020,17:52:17,1598003537.46,http://127.0.0.1:9089/media/fuzzysearch,200,OK,407,21.832007,21.831935,default_timer
87,21 Aug 2020,17:52:17,1598003537.46,http://127.0.0.1:9089/media/fuzzysearch,200,OK,407,22.064676,22.064609,default_timer
216,21 Aug 2020,17:52:17,1598003537.46,http://127.0.0.1:9089/media/fuzzysearch,200,OK,407,21.818446,21.818379,default_timer
186,21 Aug 2020,17:52:17,1598003537.46,http://127.0.0.1:9089/media/fuzzysearch,200,OK,407,21.884940,21.884843,default_timer
500,21 Aug 2020,17:52:17,1598003537.46,http://127.0.0.1:9089/media/fuzzysearch,200,OK,407,21.282654,21.282552,default_timer
497,21 Aug 2020,17:52:17,1598003537.46,http://127.0.0.1:9089/media/fuzzysearch,200,OK,407,21.287869,21.287808,default_timer
178,21 Aug 2020,17:52:17,1598003537.47,http://127.0.0.1:9089/media/fuzzysearch,200,OK,407,21.902104,21.902046,default_timer
100,21 Aug 2020,17:52:17,1598003537.47,http://127.0.0.1:9089/media/fuzzysearch,200,OK,407,22.049592,22.049529,default_timer
396,21 Aug 2020,17:52:17,1598003537.47,http://127.0.0.1:9089/media/fuzzysearch,200,OK,407,21.481854,21.481784,default_timer
202,21 Aug 2020,17:52:17,1598003537.47,http://127.0.0.1:9089/media/fuzzysearch,200,OK,407,21.868263,21.868178,default_timer
260,21 Aug 2020,17:52:17,1598003537.47,http://127.0.0.1:9089/media/fuzzysearch,200,OK,407,21.748825,21.748759,default_timer
334,21 Aug 2020,17:52:17,1598003537.47,http://127.0.0.1:9089/media/fuzzysearch,200,OK,407,21.620429,21.620352,default_timer
294,21 Aug 2020,17:52:17,1598003537.48,http://127.0.0.1:9089/media/fuzzysearch,200,OK,407,21.692406,21.692346,default_timer
353,21 Aug 2020,17:52:17,1598003537.48,http://127.0.0.1:9089/media/fuzzysearch,200,OK,407,21.577030,21.576949,default_timer
150,21 Aug 2020,17:52:17,1598003537.48,http://127.0.0.1:9089/media/fuzzysearch,200,OK,407,21.969364,21.969272,default_timer
51,21 Aug 2020,17:52:17,1598003537.51,http://127.0.0.1:9089/media/fuzzysearch,200,OK,407,22.179397,22.179317,default_timer
204,21 Aug 2020,17:52:17,1598003537.62,http://127.0.0.1:9089/media/fuzzysearch,200,OK,407,22.009221,22.009150,default_timer
231,21 Aug 2020,17:52:17,1598003537.88,http://127.0.0.1:9089/media/fuzzysearch,200,OK,407,22.211196,22.211110,default_timer
332,21 Aug 2020,17:52:17,1598003537.88,http://127.0.0.1:9089/media/fuzzysearch,200,OK,407,22.029247,22.029131,default_timer
427,21 Aug 2020,17:52:17,1598003537.89,http://127.0.0.1:9089/media/fuzzysearch,200,OK,407,21.848161,21.848100,default_timer
115,21 Aug 2020,17:52:17,1598003537.89,http://127.0.0.1:9089/media/fuzzysearch,200,OK,407,22.444338,22.444230,default_timer
262,21 Aug 2020,17:52:17,1598003537.89,http://127.0.0.1:9089/media/fuzzysearch,200,OK,407,22.168841,22.168762,default_timer
402,21 Aug 2020,17:52:17,1598003537.89,http://127.0.0.1:9089/media/fuzzysearch,200,OK,407,21.897325,21.897233,default_timer
309,21 Aug 2020,17:52:17,1598003537.9,http://127.0.0.1:9089/media/fuzzysearch,200,OK,407,22.082933,22.082856,default_timer
363,21 Aug 2020,17:52:17,1598003537.9,http://127.0.0.1:9089/media/fuzzysearch,200,OK,407,21.970500,21.970414,default_timer
467,21 Aug 2020,17:52:17,1598003537.91,http://127.0.0.1:9089/media/fuzzysearch,200,OK,407,21.785582,21.785442,default_timer
258,21 Aug 2020,17:52:17,1598003537.91,http://127.0.0.1:9089/media/fuzzysearch,200,OK,407,22.195150,22.195062,default_timer
331,21 Aug 2020,17:52:17,1598003537.91,http://127.0.0.1:9089/media/fuzzysearch,200,OK,407,22.058276,22.058202,default_timer
367,21 Aug 2020,17:52:17,1598003537.91,http://127.0.0.1:9089/media/fuzzysearch,200,OK,407,21.966463,21.966385,default_timer
190,21 Aug 2020,17:52:17,1598003537.91,http://127.0.0.1:9089/media/fuzzysearch,200,OK,407,22.324351,22.324270,default_timer
239,21 Aug 2020,17:52:17,1598003537.91,http://127.0.0.1:9089/media/fuzzysearch,200,OK,407,22.230069,22.229874,default_timer
160,21 Aug 2020,17:52:17,1598003537.91,http://127.0.0.1:9089/media/fuzzysearch,200,OK,407,22.373856,22.373773,default_timer
213,21 Aug 2020,17:52:17,1598003537.91,http://127.0.0.1:9089/media/fuzzysearch,200,OK,407,22.275162,22.275086,default_timer
267,21 Aug 2020,17:52:17,1598003537.91,http://127.0.0.1:9089/media/fuzzysearch,200,OK,407,22.177057,22.176964,default_timer
123,21 Aug 2020,17:52:17,1598003537.91,http://127.0.0.1:9089/media/fuzzysearch,200,OK,407,22.451851,22.451747,default_timer
243,21 Aug 2020,17:52:17,1598003537.91,http://127.0.0.1:9089/media/fuzzysearch,200,OK,407,22.225135,22.225047,default_timer
345,21 Aug 2020,17:52:17,1598003537.91,http://127.0.0.1:9089/media/fuzzysearch,200,OK,407,22.028665,22.028560,default_timer
472,21 Aug 2020,17:52:17,1598003537.91,http://127.0.0.1:9089/media/fuzzysearch,200,OK,407,21.785323,21.785251,default_timer
329,21 Aug 2020,17:52:17,1598003537.93,http://127.0.0.1:9089/media/fuzzysearch,200,OK,407,22.081994,22.081905,default_timer
486,21 Aug 2020,17:52:17,1598003537.93,http://127.0.0.1:9089/media/fuzzysearch,200,OK,407,21.768887,21.768806,default_timer
174,21 Aug 2020,17:52:17,1598003537.93,http://127.0.0.1:9089/media/fuzzysearch,200,OK,407,22.375413,22.375367,default_timer
177,21 Aug 2020,17:52:18,1598003538.09,http://127.0.0.1:9089/media/fuzzysearch,200,OK,407,22.529555,22.529493,default_timer
459,21 Aug 2020,17:52:18,1598003538.19,http://127.0.0.1:9089/media/fuzzysearch,200,OK,407,22.084853,22.084717,default_timer
393,21 Aug 2020,17:52:18,1598003538.19,http://127.0.0.1:9089/media/fuzzysearch,200,OK,407,22.206599,22.206541,default_timer
376,21 Aug 2020,17:52:18,1598003538.19,http://127.0.0.1:9089/media/fuzzysearch,200,OK,407,22.232754,22.232674,default_timer
493,21 Aug 2020,17:52:18,1598003538.19,http://127.0.0.1:9089/media/fuzzysearch,200,OK,407,22.017234,22.017147,default_timer
158,21 Aug 2020,17:52:18,1598003538.19,http://127.0.0.1:9089/media/fuzzysearch,200,OK,407,22.658061,22.657977,default_timer
411,21 Aug 2020,17:52:18,1598003538.19,http://127.0.0.1:9089/media/fuzzysearch,200,OK,407,22.175375,22.175292,default_timer
269,21 Aug 2020,17:52:18,1598003538.19,http://127.0.0.1:9089/media/fuzzysearch,200,OK,407,22.455554,22.455494,default_timer
298,21 Aug 2020,17:52:18,1598003538.19,http://127.0.0.1:9089/media/fuzzysearch,200,OK,407,22.398788,22.398737,default_timer
259,21 Aug 2020,17:52:18,1598003538.19,http://127.0.0.1:9089/media/fuzzysearch,200,OK,407,22.477462,22.477383,default_timer
196,21 Aug 2020,17:52:18,1598003538.19,http://127.0.0.1:9089/media/fuzzysearch,200,OK,407,22.601349,22.601254,default_timer
473,21 Aug 2020,17:52:18,1598003538.19,http://127.0.0.1:9089/media/fuzzysearch,200,OK,407,22.064356,22.064288,default_timer
408,21 Aug 2020,17:52:18,1598003538.19,http://127.0.0.1:9089/media/fuzzysearch,200,OK,407,22.183801,22.183688,default_timer
412,21 Aug 2020,17:52:18,1598003538.19,http://127.0.0.1:9089/media/fuzzysearch,200,OK,407,22.177445,22.177356,default_timer
265,21 Aug 2020,17:52:18,1598003538.2,http://127.0.0.1:9089/media/fuzzysearch,200,OK,407,22.464512,22.464416,default_timer
450,21 Aug 2020,17:52:18,1598003538.2,http://127.0.0.1:9089/media/fuzzysearch,200,OK,407,22.108550,22.108473,default_timer
496,21 Aug 2020,17:52:18,1598003538.2,http://127.0.0.1:9089/media/fuzzysearch,200,OK,407,22.021056,22.020977,default_timer
191,21 Aug 2020,17:52:18,1598003538.2,http://127.0.0.1:9089/media/fuzzysearch,200,OK,407,22.611880,22.611806,default_timer
441,21 Aug 2020,17:52:18,1598003538.2,http://127.0.0.1:9089/media/fuzzysearch,200,OK,407,22.122446,22.122378,default_timer
346,21 Aug 2020,17:52:18,1598003538.2,http://127.0.0.1:9089/media/fuzzysearch,200,OK,407,22.312926,22.312850,default_timer
171,21 Aug 2020,17:52:18,1598003538.2,http://127.0.0.1:9089/media/fuzzysearch,200,OK,407,22.646764,22.646683,default_timer
133,21 Aug 2020,17:52:18,1598003538.2,http://127.0.0.1:9089/media/fuzzysearch,200,OK,407,22.718573,22.718500,default_timer
366,21 Aug 2020,17:52:18,1598003538.2,http://127.0.0.1:9089/media/fuzzysearch,200,OK,407,22.259921,22.259834,default_timer
330,21 Aug 2020,17:52:18,1598003538.2,http://127.0.0.1:9089/media/fuzzysearch,200,OK,407,22.351145,22.346337,default_timer
385,21 Aug 2020,17:52:18,1598003538.2,http://127.0.0.1:9089/media/fuzzysearch,200,OK,407,22.229166,22.229068,default_timer
229,21 Aug 2020,17:52:18,1598003538.2,http://127.0.0.1:9089/media/fuzzysearch,200,OK,407,22.534511,22.534433,default_timer
247,21 Aug 2020,17:52:18,1598003538.2,http://127.0.0.1:9089/media/fuzzysearch,200,OK,407,22.506021,22.505950,default_timer
94,21 Aug 2020,17:52:18,1598003538.2,http://127.0.0.1:9089/media/fuzzysearch,200,OK,407,22.793070,22.792967,default_timer
272,21 Aug 2020,17:52:18,1598003538.2,http://127.0.0.1:9089/media/fuzzysearch,200,OK,407,22.460223,22.460148,default_timer
454,21 Aug 2020,17:52:18,1598003538.2,http://127.0.0.1:9089/media/fuzzysearch,200,OK,407,22.106721,22.106641,default_timer
300,21 Aug 2020,17:52:18,1598003538.2,http://127.0.0.1:9089/media/fuzzysearch,200,OK,407,22.404495,22.404402,default_timer
238,21 Aug 2020,17:52:18,1598003538.21,http://127.0.0.1:9089/media/fuzzysearch,200,OK,407,22.528153,22.528086,default_timer
299,21 Aug 2020,17:52:18,1598003538.21,http://127.0.0.1:9089/media/fuzzysearch,200,OK,407,22.416641,22.416567,default_timer
422,21 Aug 2020,17:52:18,1598003538.21,http://127.0.0.1:9089/media/fuzzysearch,200,OK,407,22.179489,22.179426,default_timer
304,21 Aug 2020,17:52:18,1598003538.27,http://127.0.0.1:9089/media/fuzzysearch,200,OK,407,22.466847,22.466774,default_timer
284,21 Aug 2020,17:52:18,1598003538.29,http://127.0.0.1:9089/media/fuzzysearch,200,OK,407,22.526058,22.525995,default_timer
256,21 Aug 2020,17:52:18,1598003538.29,http://127.0.0.1:9089/media/fuzzysearch,200,OK,407,22.584588,22.584508,default_timer
477,21 Aug 2020,17:52:18,1598003538.29,http://127.0.0.1:9089/media/fuzzysearch,200,OK,407,22.146166,22.146046,default_timer
466,21 Aug 2020,17:52:18,1598003538.29,http://127.0.0.1:9089/media/fuzzysearch,200,OK,407,22.174988,22.174892,default_timer
344,21 Aug 2020,17:52:18,1598003538.29,http://127.0.0.1:9089/media/fuzzysearch,200,OK,407,22.412059,22.411985,default_timer
324,21 Aug 2020,17:52:18,1598003538.29,http://127.0.0.1:9089/media/fuzzysearch,200,OK,407,22.456717,22.456654,default_timer
222,21 Aug 2020,17:52:18,1598003538.29,http://127.0.0.1:9089/media/fuzzysearch,200,OK,407,22.641156,22.641091,default_timer
283,21 Aug 2020,17:52:18,1598003538.29,http://127.0.0.1:9089/media/fuzzysearch,200,OK,407,22.530962,22.530900,default_timer
386,21 Aug 2020,17:52:18,1598003538.3,http://127.0.0.1:9089/media/fuzzysearch,200,OK,407,22.324777,22.324670,default_timer
268,21 Aug 2020,17:52:18,1598003538.3,http://127.0.0.1:9089/media/fuzzysearch,200,OK,407,22.561493,22.561414,default_timer
410,21 Aug 2020,17:52:18,1598003538.3,http://127.0.0.1:9089/media/fuzzysearch,200,OK,407,22.282352,22.282285,default_timer
433,21 Aug 2020,17:52:18,1598003538.3,http://127.0.0.1:9089/media/fuzzysearch,200,OK,407,22.237134,22.237055,default_timer
439,21 Aug 2020,17:52:18,1598003538.3,http://127.0.0.1:9089/media/fuzzysearch,200,OK,407,22.226862,22.226766,default_timer
420,21 Aug 2020,17:52:18,1598003538.3,http://127.0.0.1:9089/media/fuzzysearch,200,OK,407,22.267543,22.267479,default_timer
184,21 Aug 2020,17:52:18,1598003538.3,http://127.0.0.1:9089/media/fuzzysearch,200,OK,407,22.723178,22.723101,default_timer
354,21 Aug 2020,17:52:18,1598003538.3,http://127.0.0.1:9089/media/fuzzysearch,200,OK,407,22.392402,22.392306,default_timer
347,21 Aug 2020,17:52:18,1598003538.3,http://127.0.0.1:9089/media/fuzzysearch,200,OK,407,22.413537,22.413455,default_timer
360,21 Aug 2020,17:52:18,1598003538.3,http://127.0.0.1:9089/media/fuzzysearch,200,OK,407,22.379054,22.378959,default_timer
287,21 Aug 2020,17:52:18,1598003538.3,http://127.0.0.1:9089/media/fuzzysearch,200,OK,407,22.530822,22.530748,default_timer
127,21 Aug 2020,17:52:18,1598003538.3,http://127.0.0.1:9089/media/fuzzysearch,200,OK,407,22.832624,22.832539,default_timer
63,21 Aug 2020,17:52:18,1598003538.3,http://127.0.0.1:9089/media/fuzzysearch,200,OK,407,22.950302,22.950215,default_timer
400,21 Aug 2020,17:52:18,1598003538.3,http://127.0.0.1:9089/media/fuzzysearch,200,OK,407,22.310225,22.310121,default_timer
137,21 Aug 2020,17:52:18,1598003538.3,http://127.0.0.1:9089/media/fuzzysearch,200,OK,407,22.815349,22.815263,default_timer
482,21 Aug 2020,17:52:18,1598003538.3,http://127.0.0.1:9089/media/fuzzysearch,200,OK,407,22.147843,22.147764,default_timer
447,21 Aug 2020,17:52:18,1598003538.3,http://127.0.0.1:9089/media/fuzzysearch,200,OK,407,22.221355,22.221252,default_timer
313,21 Aug 2020,17:52:18,1598003538.31,http://127.0.0.1:9089/media/fuzzysearch,200,OK,407,22.491413,22.491325,default_timer
316,21 Aug 2020,17:52:18,1598003538.31,http://127.0.0.1:9089/media/fuzzysearch,200,OK,407,22.487731,22.487631,default_timer
314,21 Aug 2020,17:52:18,1598003538.31,http://127.0.0.1:9089/media/fuzzysearch,200,OK,407,22.490930,22.490871,default_timer
302,21 Aug 2020,17:52:18,1598003538.31,http://127.0.0.1:9089/media/fuzzysearch,200,OK,407,22.512207,22.512130,default_timer
343,21 Aug 2020,17:52:18,1598003538.31,http://127.0.0.1:9089/media/fuzzysearch,200,OK,407,22.433888,22.433811,default_timer
333,21 Aug 2020,17:52:18,1598003538.31,http://127.0.0.1:9089/media/fuzzysearch,200,OK,407,22.462134,22.462059,default_timer
383,21 Aug 2020,17:52:18,1598003538.32,http://127.0.0.1:9089/media/fuzzysearch,200,OK,407,22.348884,22.348822,default_timer
370,21 Aug 2020,17:52:18,1598003538.32,http://127.0.0.1:9089/media/fuzzysearch,200,OK,407,22.367915,22.367872,default_timer
484,21 Aug 2020,17:52:18,1598003538.32,http://127.0.0.1:9089/media/fuzzysearch,200,OK,407,22.159042,22.158993,default_timer
364,21 Aug 2020,17:52:18,1598003538.32,http://127.0.0.1:9089/media/fuzzysearch,200,OK,407,22.387466,22.387408,default_timer
461,21 Aug 2020,17:52:18,1598003538.32,http://127.0.0.1:9089/media/fuzzysearch,200,OK,407,22.207394,22.207340,default_timer
23,21 Aug 2020,17:52:18,1598003538.32,http://127.0.0.1:9089/media/fuzzysearch,200,OK,407,23.039906,23.039823,default_timer
419,21 Aug 2020,17:52:18,1598003538.32,http://127.0.0.1:9089/media/fuzzysearch,200,OK,407,22.290736,22.290669,default_timer
113,21 Aug 2020,17:52:18,1598003538.32,http://127.0.0.1:9089/media/fuzzysearch,200,OK,407,22.874181,22.874113,default_timer
456,21 Aug 2020,17:52:18,1598003538.32,http://127.0.0.1:9089/media/fuzzysearch,200,OK,407,22.220009,22.219942,default_timer
255,21 Aug 2020,17:52:18,1598003538.32,http://127.0.0.1:9089/media/fuzzysearch,200,OK,407,22.613299,22.613205,default_timer
369,21 Aug 2020,17:52:18,1598003538.32,http://127.0.0.1:9089/media/fuzzysearch,200,OK,407,22.373329,22.373264,default_timer
74,21 Aug 2020,17:52:18,1598003538.32,http://127.0.0.1:9089/media/fuzzysearch,200,OK,407,22.944317,22.944228,default_timer
375,21 Aug 2020,17:52:18,1598003538.32,http://127.0.0.1:9089/media/fuzzysearch,200,OK,407,22.365405,22.365327,default_timer
126,21 Aug 2020,17:52:18,1598003538.32,http://127.0.0.1:9089/media/fuzzysearch,200,OK,407,22.854703,22.854619,default_timer
361,21 Aug 2020,17:52:18,1598003538.32,http://127.0.0.1:9089/media/fuzzysearch,200,OK,407,22.398348,22.398275,default_timer
475,21 Aug 2020,17:52:18,1598003538.32,http://127.0.0.1:9089/media/fuzzysearch,200,OK,407,22.179747,22.172650,default_timer
295,21 Aug 2020,17:52:18,1598003538.32,http://127.0.0.1:9089/media/fuzzysearch,200,OK,407,22.536676,22.536590,default_timer
154,21 Aug 2020,17:52:18,1598003538.32,http://127.0.0.1:9089/media/fuzzysearch,200,OK,407,22.799359,22.799279,default_timer
488,21 Aug 2020,17:52:18,1598003538.32,http://127.0.0.1:9089/media/fuzzysearch,200,OK,407,22.159458,22.159381,default_timer
468,21 Aug 2020,17:52:18,1598003538.32,http://127.0.0.1:9089/media/fuzzysearch,200,OK,407,22.202488,22.202381,default_timer
381,21 Aug 2020,17:52:18,1598003538.32,http://127.0.0.1:9089/media/fuzzysearch,200,OK,407,22.361141,22.361049,default_timer
327,21 Aug 2020,17:52:18,1598003538.33,http://127.0.0.1:9089/media/fuzzysearch,200,OK,407,22.483118,22.483032,default_timer
351,21 Aug 2020,17:52:18,1598003538.33,http://127.0.0.1:9089/media/fuzzysearch,200,OK,407,22.427813,22.427736,default_timer
378,21 Aug 2020,17:52:18,1598003538.33,http://127.0.0.1:9089/media/fuzzysearch,200,OK,407,22.366475,22.366390,default_timer
348,21 Aug 2020,17:52:18,1598003538.33,http://127.0.0.1:9089/media/fuzzysearch,200,OK,407,22.439512,22.439458,default_timer
296,21 Aug 2020,17:52:18,1598003538.33,http://127.0.0.1:9089/media/fuzzysearch,200,OK,407,22.539194,22.539111,default_timer
457,21 Aug 2020,17:52:18,1598003538.33,http://127.0.0.1:9089/media/fuzzysearch,200,OK,407,22.226873,22.226793,default_timer
342,21 Aug 2020,17:52:18,1598003538.33,http://127.0.0.1:9089/media/fuzzysearch,200,OK,407,22.449700,22.449621,default_timer
391,21 Aug 2020,17:52:18,1598003538.33,http://127.0.0.1:9089/media/fuzzysearch,200,OK,407,22.348609,22.348524,default_timer
404,21 Aug 2020,17:52:18,1598003538.33,http://127.0.0.1:9089/media/fuzzysearch,200,OK,407,22.327152,22.327079,default_timer
438,21 Aug 2020,17:52:18,1598003538.33,http://127.0.0.1:9089/media/fuzzysearch,200,OK,407,22.259399,22.259318,default_timer
236,21 Aug 2020,17:52:18,1598003538.33,http://127.0.0.1:9089/media/fuzzysearch,200,OK,407,22.652810,22.652752,default_timer
479,21 Aug 2020,17:52:18,1598003538.33,http://127.0.0.1:9089/media/fuzzysearch,200,OK,407,22.179617,22.179502,default_timer
371,21 Aug 2020,17:52:18,1598003538.33,http://127.0.0.1:9089/media/fuzzysearch,200,OK,407,22.381198,22.381138,default_timer
167,21 Aug 2020,17:52:18,1598003538.33,http://127.0.0.1:9089/media/fuzzysearch,200,OK,407,22.785746,22.785665,default_timer
277,21 Aug 2020,17:52:18,1598003538.33,http://127.0.0.1:9089/media/fuzzysearch,200,OK,407,22.584432,22.584337,default_timer
416,21 Aug 2020,17:52:18,1598003538.33,http://127.0.0.1:9089/media/fuzzysearch,200,OK,407,22.309062,22.308958,default_timer
463,21 Aug 2020,17:52:18,1598003538.33,http://127.0.0.1:9089/media/fuzzysearch,200,OK,407,22.222145,22.222069,default_timer
214,21 Aug 2020,17:52:18,1598003538.33,http://127.0.0.1:9089/media/fuzzysearch,200,OK,407,22.697760,22.697697,default_timer
398,21 Aug 2020,17:52:18,1598003538.33,http://127.0.0.1:9089/media/fuzzysearch,200,OK,407,22.345008,22.344941,default_timer
145,21 Aug 2020,17:52:18,1598003538.33,http://127.0.0.1:9089/media/fuzzysearch,200,OK,407,22.826053,22.825995,default_timer
478,21 Aug 2020,17:52:18,1598003538.35,http://127.0.0.1:9089/media/fuzzysearch,200,OK,407,22.199472,22.199405,default_timer
442,21 Aug 2020,17:52:18,1598003538.36,http://127.0.0.1:9089/media/fuzzysearch,200,OK,407,22.288535,22.288460,default_timer
431,21 Aug 2020,17:52:18,1598003538.39,http://127.0.0.1:9089/media/fuzzysearch,200,OK,407,22.333999,22.333917,default_timer
429,21 Aug 2020,17:52:18,1598003538.4,http://127.0.0.1:9089/media/fuzzysearch,200,OK,407,22.348691,22.348597,default_timer
397,21 Aug 2020,17:52:18,1598003538.4,http://127.0.0.1:9089/media/fuzzysearch,200,OK,407,22.411472,22.411401,default_timer
278,21 Aug 2020,17:52:18,1598003538.4,http://127.0.0.1:9089/media/fuzzysearch,200,OK,407,22.647608,22.647537,default_timer
230,21 Aug 2020,17:52:18,1598003538.4,http://127.0.0.1:9089/media/fuzzysearch,200,OK,407,22.735837,22.735783,default_timer
198,21 Aug 2020,17:52:18,1598003538.41,http://127.0.0.1:9089/media/fuzzysearch,200,OK,407,22.808657,22.808553,default_timer
480,21 Aug 2020,17:52:18,1598003538.41,http://127.0.0.1:9089/media/fuzzysearch,200,OK,407,22.254633,22.254559,default_timer
169,21 Aug 2020,17:52:18,1598003538.41,http://127.0.0.1:9089/media/fuzzysearch,200,OK,407,22.857681,22.857606,default_timer
490,21 Aug 2020,17:52:18,1598003538.41,http://127.0.0.1:9089/media/fuzzysearch,200,OK,407,22.240440,22.240368,default_timer
328,21 Aug 2020,17:52:18,1598003538.41,http://127.0.0.1:9089/media/fuzzysearch,200,OK,407,22.563391,22.563315,default_timer
384,21 Aug 2020,17:52:18,1598003538.41,http://127.0.0.1:9089/media/fuzzysearch,200,OK,407,22.439601,22.439541,default_timer
394,21 Aug 2020,17:52:18,1598003538.41,http://127.0.0.1:9089/media/fuzzysearch,200,OK,407,22.424374,22.424287,default_timer
377,21 Aug 2020,17:52:18,1598003538.41,http://127.0.0.1:9089/media/fuzzysearch,200,OK,407,22.450809,22.450733,default_timer
336,21 Aug 2020,17:52:18,1598003538.41,http://127.0.0.1:9089/media/fuzzysearch,200,OK,407,22.543366,22.543283,default_timer
362,21 Aug 2020,17:52:18,1598003538.41,http://127.0.0.1:9089/media/fuzzysearch,200,OK,407,22.485489,22.484368,default_timer
407,21 Aug 2020,17:52:18,1598003538.41,http://127.0.0.1:9089/media/fuzzysearch,200,OK,407,22.401171,22.401089,default_timer
290,21 Aug 2020,17:52:18,1598003538.41,http://127.0.0.1:9089/media/fuzzysearch,200,OK,407,22.632251,22.632188,default_timer
418,21 Aug 2020,17:52:18,1598003538.41,http://127.0.0.1:9089/media/fuzzysearch,200,OK,407,22.382655,22.382571,default_timer
322,21 Aug 2020,17:52:18,1598003538.41,http://127.0.0.1:9089/media/fuzzysearch,200,OK,407,22.577962,22.577872,default_timer
483,21 Aug 2020,17:52:18,1598003538.41,http://127.0.0.1:9089/media/fuzzysearch,200,OK,407,22.256501,22.256417,default_timer
341,21 Aug 2020,17:52:18,1598003538.41,http://127.0.0.1:9089/media/fuzzysearch,200,OK,407,22.535938,22.535859,default_timer
297,21 Aug 2020,17:52:18,1598003538.41,http://127.0.0.1:9089/media/fuzzysearch,200,OK,407,22.624095,22.624011,default_timer
365,21 Aug 2020,17:52:18,1598003538.41,http://127.0.0.1:9089/media/fuzzysearch,200,OK,407,22.478783,22.478692,default_timer
425,21 Aug 2020,17:52:18,1598003538.41,http://127.0.0.1:9089/media/fuzzysearch,200,OK,407,22.375075,22.375002,default_timer
435,21 Aug 2020,17:52:18,1598003538.41,http://127.0.0.1:9089/media/fuzzysearch,200,OK,407,22.349002,22.345231,default_timer
134,21 Aug 2020,17:52:18,1598003538.41,http://127.0.0.1:9089/media/fuzzysearch,200,OK,407,22.933570,22.933505,default_timer
395,21 Aug 2020,17:52:18,1598003538.42,http://127.0.0.1:9089/media/fuzzysearch,200,OK,407,22.430740,22.430659,default_timer
306,21 Aug 2020,17:52:18,1598003538.42,http://127.0.0.1:9089/media/fuzzysearch,200,OK,407,22.605834,22.605768,default_timer
436,21 Aug 2020,17:52:18,1598003538.42,http://127.0.0.1:9089/media/fuzzysearch,200,OK,407,22.349296,22.349240,default_timer
358,21 Aug 2020,17:52:18,1598003538.42,http://127.0.0.1:9089/media/fuzzysearch,200,OK,407,22.503186,22.503103,default_timer
368,21 Aug 2020,17:52:18,1598003538.42,http://127.0.0.1:9089/media/fuzzysearch,200,OK,407,22.474510,22.474445,default_timer
311,21 Aug 2020,17:52:18,1598003538.42,http://127.0.0.1:9089/media/fuzzysearch,200,OK,407,22.600052,22.599987,default_timer
337,21 Aug 2020,17:52:18,1598003538.42,http://127.0.0.1:9089/media/fuzzysearch,200,OK,407,22.550167,22.550093,default_timer
489,21 Aug 2020,17:52:18,1598003538.42,http://127.0.0.1:9089/media/fuzzysearch,200,OK,407,22.253579,22.253518,default_timer
432,21 Aug 2020,17:52:18,1598003538.42,http://127.0.0.1:9089/media/fuzzysearch,200,OK,407,22.360560,22.360482,default_timer
308,21 Aug 2020,17:52:18,1598003538.42,http://127.0.0.1:9089/media/fuzzysearch,200,OK,407,22.606577,22.606503,default_timer
281,21 Aug 2020,17:52:18,1598003538.42,http://127.0.0.1:9089/media/fuzzysearch,200,OK,407,22.659343,22.659262,default_timer
455,21 Aug 2020,17:52:18,1598003538.42,http://127.0.0.1:9089/media/fuzzysearch,200,OK,407,22.324641,22.324556,default_timer
318,21 Aug 2020,17:52:18,1598003538.42,http://127.0.0.1:9089/media/fuzzysearch,200,OK,407,22.593011,22.592928,default_timer
469,21 Aug 2020,17:52:18,1598003538.42,http://127.0.0.1:9089/media/fuzzysearch,200,OK,407,22.297427,22.297371,default_timer
401,21 Aug 2020,17:52:18,1598003538.42,http://127.0.0.1:9089/media/fuzzysearch,200,OK,407,22.426077,22.426002,default_timer
132,21 Aug 2020,17:52:18,1598003538.42,http://127.0.0.1:9089/media/fuzzysearch,200,OK,407,22.944704,22.944636,default_timer
356,21 Aug 2020,17:52:18,1598003538.42,http://127.0.0.1:9089/media/fuzzysearch,200,OK,407,22.508703,22.508614,default_timer
246,21 Aug 2020,17:52:18,1598003538.42,http://127.0.0.1:9089/media/fuzzysearch,200,OK,407,22.731159,22.731071,default_timer
312,21 Aug 2020,17:52:18,1598003538.42,http://127.0.0.1:9089/media/fuzzysearch,200,OK,407,22.604846,22.604752,default_timer
338,21 Aug 2020,17:52:18,1598003538.43,http://127.0.0.1:9089/media/fuzzysearch,200,OK,407,22.558405,22.558331,default_timer
310,21 Aug 2020,17:52:18,1598003538.43,http://127.0.0.1:9089/media/fuzzysearch,200,OK,407,22.612724,22.612633,default_timer
374,21 Aug 2020,17:52:18,1598003538.43,http://127.0.0.1:9089/media/fuzzysearch,200,OK,407,22.474811,22.474742,default_timer
417,21 Aug 2020,17:52:18,1598003538.44,http://127.0.0.1:9089/media/fuzzysearch,200,OK,407,22.412569,22.412485,default_timer
452,21 Aug 2020,17:52:18,1598003538.47,http://127.0.0.1:9089/media/fuzzysearch,200,OK,407,22.376915,22.376830,default_timer
286,21 Aug 2020,17:52:18,1598003538.47,http://127.0.0.1:9089/media/fuzzysearch,200,OK,407,22.697715,22.697662,default_timer
434,21 Aug 2020,17:52:18,1598003538.47,http://127.0.0.1:9089/media/fuzzysearch,200,OK,407,22.409225,22.409100,default_timer
451,21 Aug 2020,17:52:18,1598003538.51,http://127.0.0.1:9089/media/fuzzysearch,200,OK,407,22.422552,22.422450,default_timer
481,21 Aug 2020,17:52:18,1598003538.51,http://127.0.0.1:9089/media/fuzzysearch,200,OK,407,22.356458,22.356380,default_timer
274,21 Aug 2020,17:52:18,1598003538.52,http://127.0.0.1:9089/media/fuzzysearch,200,OK,407,22.777165,22.777091,default_timer
276,21 Aug 2020,17:52:18,1598003538.53,http://127.0.0.1:9089/media/fuzzysearch,200,OK,407,22.781356,22.781274,default_timer
252,21 Aug 2020,17:52:18,1598003538.54,http://127.0.0.1:9089/media/fuzzysearch,200,OK,407,22.834360,22.834262,default_timer
226,21 Aug 2020,17:52:18,1598003538.58,http://127.0.0.1:9089/media/fuzzysearch,200,OK,407,22.915588,22.915492,default_timer
428,21 Aug 2020,17:52:18,1598003538.59,http://127.0.0.1:9089/media/fuzzysearch,200,OK,407,22.538714,22.538622,default_timer
359,21 Aug 2020,17:52:18,1598003538.61,http://127.0.0.1:9089/media/fuzzysearch,200,OK,407,22.696109,22.695967,default_timer
71,21 Aug 2020,17:52:18,1598003538.63,http://127.0.0.1:9089/media/fuzzysearch,200,OK,407,23.260481,23.260392,default_timer
387,21 Aug 2020,17:52:18,1598003538.66,http://127.0.0.1:9089/media/fuzzysearch,200,OK,407,22.688414,22.688333,default_timer
288,21 Aug 2020,17:52:18,1598003538.66,http://127.0.0.1:9089/media/fuzzysearch,200,OK,407,22.887005,22.886900,default_timer
292,21 Aug 2020,17:52:18,1598003538.66,http://127.0.0.1:9089/media/fuzzysearch,200,OK,407,22.880262,22.880181,default_timer
350,21 Aug 2020,17:52:18,1598003538.66,http://127.0.0.1:9089/media/fuzzysearch,200,OK,407,22.766654,22.766576,default_timer
440,21 Aug 2020,17:52:18,1598003538.68,http://127.0.0.1:9089/media/fuzzysearch,200,OK,407,22.608381,22.608332,default_timer
470,21 Aug 2020,17:52:18,1598003538.68,http://127.0.0.1:9089/media/fuzzysearch,200,OK,407,22.558256,22.558161,default_timer
199,21 Aug 2020,17:52:18,1598003538.69,http://127.0.0.1:9089/media/fuzzysearch,200,OK,407,23.088631,23.088534,default_timer
225,21 Aug 2020,17:52:18,1598003538.69,http://127.0.0.1:9089/media/fuzzysearch,200,OK,407,23.027094,23.027002,default_timer
323,21 Aug 2020,17:52:18,1598003538.69,http://127.0.0.1:9089/media/fuzzysearch,200,OK,407,22.851760,22.851680,default_timer
485,21 Aug 2020,17:52:18,1598003538.7,http://127.0.0.1:9089/media/fuzzysearch,200,OK,407,22.544543,22.544449,default_timer
291,21 Aug 2020,17:52:18,1598003538.7,http://127.0.0.1:9089/media/fuzzysearch,200,OK,407,22.923647,22.923545,default_timer
430,21 Aug 2020,17:52:18,1598003538.7,http://127.0.0.1:9089/media/fuzzysearch,200,OK,407,22.653028,22.652949,default_timer
315,21 Aug 2020,17:52:18,1598003538.71,http://127.0.0.1:9089/media/fuzzysearch,200,OK,407,22.881982,22.881906,default_timer
189,21 Aug 2020,17:52:18,1598003538.71,http://127.0.0.1:9089/media/fuzzysearch,200,OK,407,23.123006,23.122939,default_timer
254,21 Aug 2020,17:52:18,1598003538.71,http://127.0.0.1:9089/media/fuzzysearch,200,OK,407,23.001770,23.001683,default_timer
282,21 Aug 2020,17:52:18,1598003538.71,http://127.0.0.1:9089/media/fuzzysearch,200,OK,407,22.946887,22.946797,default_timer
492,21 Aug 2020,17:52:18,1598003538.73,http://127.0.0.1:9089/media/fuzzysearch,200,OK,407,22.559951,22.559843,default_timer
305,21 Aug 2020,17:52:18,1598003538.74,http://127.0.0.1:9089/media/fuzzysearch,200,OK,407,22.929084,22.928994,default_timer
162,21 Aug 2020,17:52:18,1598003538.77,http://127.0.0.1:9089/media/fuzzysearch,200,OK,407,23.230766,23.230660,default_timer
355,21 Aug 2020,17:52:18,1598003538.78,http://127.0.0.1:9089/media/fuzzysearch,200,OK,407,22.871078,22.870927,default_timer
280,21 Aug 2020,17:52:18,1598003538.78,http://127.0.0.1:9089/media/fuzzysearch,200,OK,407,23.023250,23.023173,default_timer
2,21 Aug 2020,17:52:18,1598003538.79,http://127.0.0.1:9089/media/fuzzysearch,200,OK,407,14.139636,14.139556,default_timer
426,21 Aug 2020,17:52:18,1598003538.81,http://127.0.0.1:9089/media/fuzzysearch,200,OK,407,22.765787,22.765711,default_timer
275,21 Aug 2020,17:52:18,1598003538.82,http://127.0.0.1:9089/media/fuzzysearch,200,OK,407,12.078062,12.077988,default_timer
458,21 Aug 2020,17:52:18,1598003538.86,http://127.0.0.1:9089/media/fuzzysearch,200,OK,407,22.756943,22.756856,default_timer
249,21 Aug 2020,17:52:18,1598003538.87,http://127.0.0.1:9089/media/fuzzysearch,200,OK,407,23.171303,23.171231,default_timer
357,21 Aug 2020,17:52:18,1598003538.97,http://127.0.0.1:9089/media/fuzzysearch,200,OK,407,23.056139,23.056082,default_timer
175,21 Aug 2020,17:52:19,1598003539.09,http://127.0.0.1:9089/media/fuzzysearch,200,OK,407,13.060848,13.060710,default_timer
248,21 Aug 2020,17:52:19,1598003539.14,http://127.0.0.1:9089/media/fuzzysearch,200,OK,407,23.441760,23.441683,default_timer
373,21 Aug 2020,17:52:19,1598003539.14,http://127.0.0.1:9089/media/fuzzysearch,200,OK,407,23.189712,23.189587,default_timer
32,21 Aug 2020,17:52:19,1598003539.2,http://127.0.0.1:9089/media/fuzzysearch,200,OK,407,11.770760,11.770622,default_timer
86,21 Aug 2020,17:52:19,1598003539.26,http://127.0.0.1:9089/media/fuzzysearch,200,OK,407,12.332627,12.332554,default_timer
118,21 Aug 2020,17:52:19,1598003539.34,http://127.0.0.1:9089/media/fuzzysearch,200,OK,407,10.630972,10.630883,default_timer
7,21 Aug 2020,17:52:19,1598003539.75,http://127.0.0.1:9089/media/fuzzysearch,200,OK,407,12.611362,12.611264,default_timer
52,21 Aug 2020,17:52:19,1598003539.76,http://127.0.0.1:9089/media/fuzzysearch,200,OK,407,12.780580,12.780460,default_timer
9,21 Aug 2020,17:52:19,1598003539.82,http://127.0.0.1:9089/media/fuzzysearch,200,OK,407,11.613377,11.613275,default_timer
18,21 Aug 2020,17:52:19,1598003539.84,http://127.0.0.1:9089/media/fuzzysearch,200,OK,407,13.726736,13.726607,default_timer
110,21 Aug 2020,17:52:19,1598003539.88,http://127.0.0.1:9089/media/fuzzysearch,200,OK,407,13.115334,13.115259,default_timer
89,21 Aug 2020,17:52:20,1598003540.01,http://127.0.0.1:9089/media/fuzzysearch,200,OK,407,10.170394,10.170318,default_timer
17,21 Aug 2020,17:52:20,1598003540.03,http://127.0.0.1:9089/media/fuzzysearch,200,OK,407,12.612414,12.612259,default_timer
227,21 Aug 2020,17:52:20,1598003540.21,http://127.0.0.1:9089/media/fuzzysearch,200,OK,407,11.076249,11.076157,default_timer
28,21 Aug 2020,17:52:20,1598003540.21,http://127.0.0.1:9089/media/fuzzysearch,200,OK,407,11.080690,11.080622,default_timer
112,21 Aug 2020,17:52:20,1598003540.29,http://127.0.0.1:9089/media/fuzzysearch,200,OK,407,10.620101,10.619972,default_timer
77,21 Aug 2020,17:52:20,1598003540.38,http://127.0.0.1:9089/media/fuzzysearch,200,OK,407,11.311968,11.311890,default_timer
97,21 Aug 2020,17:52:20,1598003540.48,http://127.0.0.1:9089/media/fuzzysearch,200,OK,407,11.392842,11.392753,default_timer
53,21 Aug 2020,17:52:20,1598003540.51,http://127.0.0.1:9089/media/fuzzysearch,200,OK,407,9.963470,9.963399,default_timer
93,21 Aug 2020,17:52:20,1598003540.69,http://127.0.0.1:9089/media/fuzzysearch,200,OK,407,10.123333,10.123237,default_timer
14,21 Aug 2020,17:52:20,1598003540.85,http://127.0.0.1:9089/media/fuzzysearch,200,OK,407,11.438745,11.438656,default_timer
151,21 Aug 2020,17:52:20,1598003540.86,http://127.0.0.1:9089/media/fuzzysearch,200,OK,407,11.208572,11.208484,default_timer
210,21 Aug 2020,17:52:20,1598003540.87,http://127.0.0.1:9089/media/fuzzysearch,200,OK,407,11.510488,11.510368,default_timer
224,21 Aug 2020,17:52:20,1598003540.93,http://127.0.0.1:9089/media/fuzzysearch,200,OK,407,12.860090,12.859954,default_timer
57,21 Aug 2020,17:52:20,1598003540.94,http://127.0.0.1:9089/media/fuzzysearch,200,OK,407,11.853241,11.853154,default_timer
99,21 Aug 2020,17:52:20,1598003540.99,http://127.0.0.1:9089/media/fuzzysearch,200,OK,407,10.246750,10.246672,default_timer
49,21 Aug 2020,17:52:21,1598003541.16,http://127.0.0.1:9089/media/fuzzysearch,200,OK,407,10.839667,10.839575,default_timer
73,21 Aug 2020,17:52:21,1598003541.31,http://127.0.0.1:9089/media/fuzzysearch,200,OK,407,12.539085,12.539017,default_timer
48,21 Aug 2020,17:52:21,1598003541.35,http://127.0.0.1:9089/media/fuzzysearch,200,OK,407,12.092022,12.091932,default_timer
26,21 Aug 2020,17:52:21,1598003541.36,http://127.0.0.1:9089/media/fuzzysearch,200,OK,407,12.557447,12.557306,default_timer
27,21 Aug 2020,17:52:21,1598003541.39,http://127.0.0.1:9089/media/fuzzysearch,200,OK,407,11.264013,11.263863,default_timer
218,21 Aug 2020,17:52:21,1598003541.41,http://127.0.0.1:9089/media/fuzzysearch,200,OK,407,11.058995,11.058928,default_timer
66,21 Aug 2020,17:52:21,1598003541.45,http://127.0.0.1:9089/media/fuzzysearch,200,OK,407,13.369821,13.369754,default_timer
149,21 Aug 2020,17:52:21,1598003541.48,http://127.0.0.1:9089/media/fuzzysearch,200,OK,407,11.512463,11.512337,default_timer
140,21 Aug 2020,17:52:21,1598003541.5,http://127.0.0.1:9089/media/fuzzysearch,200,OK,407,11.756485,11.756405,default_timer
245,21 Aug 2020,17:52:21,1598003541.53,http://127.0.0.1:9089/media/fuzzysearch,200,OK,407,11.525643,11.525573,default_timer
33,21 Aug 2020,17:52:21,1598003541.53,http://127.0.0.1:9089/media/fuzzysearch,200,OK,407,11.856798,11.856715,default_timer
50,21 Aug 2020,17:52:21,1598003541.58,http://127.0.0.1:9089/media/fuzzysearch,200,OK,407,11.011842,11.011764,default_timer
29,21 Aug 2020,17:52:21,1598003541.59,http://127.0.0.1:9089/media/fuzzysearch,200,OK,407,11.193935,11.193834,default_timer
15,21 Aug 2020,17:52:21,1598003541.61,http://127.0.0.1:9089/media/fuzzysearch,200,OK,407,12.401140,12.401053,default_timer
102,21 Aug 2020,17:52:21,1598003541.61,http://127.0.0.1:9089/media/fuzzysearch,200,OK,407,11.650938,11.650889,default_timer
39,21 Aug 2020,17:52:21,1598003541.61,http://127.0.0.1:9089/media/fuzzysearch,200,OK,407,11.682171,11.682108,default_timer
445,21 Aug 2020,17:52:21,1598003541.61,http://127.0.0.1:9089/media/fuzzysearch,200,OK,407,7.978629,7.978577,default_timer
168,21 Aug 2020,17:52:21,1598003541.61,http://127.0.0.1:9089/media/fuzzysearch,200,OK,407,11.427398,11.427337,default_timer
181,21 Aug 2020,17:52:21,1598003541.62,http://127.0.0.1:9089/media/fuzzysearch,200,OK,407,11.099588,11.099498,default_timer
320,21 Aug 2020,17:52:21,1598003541.66,http://127.0.0.1:9089/media/fuzzysearch,200,OK,407,13.002657,13.002568,default_timer
25,21 Aug 2020,17:52:21,1598003541.72,http://127.0.0.1:9089/media/fuzzysearch,200,OK,407,13.227430,13.227353,default_timer
136,21 Aug 2020,17:52:21,1598003541.77,http://127.0.0.1:9089/media/fuzzysearch,200,OK,407,12.246012,12.245905,default_timer
232,21 Aug 2020,17:52:21,1598003541.77,http://127.0.0.1:9089/media/fuzzysearch,200,OK,407,11.437226,11.437129,default_timer
91,21 Aug 2020,17:52:21,1598003541.81,http://127.0.0.1:9089/media/fuzzysearch,200,OK,407,11.452883,11.452746,default_timer
159,21 Aug 2020,17:52:21,1598003541.83,http://127.0.0.1:9089/media/fuzzysearch,200,OK,407,8.155865,8.155804,default_timer
92,21 Aug 2020,17:52:21,1598003541.84,http://127.0.0.1:9089/media/fuzzysearch,200,OK,407,12.016715,12.016658,default_timer
147,21 Aug 2020,17:52:21,1598003541.84,http://127.0.0.1:9089/media/fuzzysearch,200,OK,407,8.240892,8.240818,default_timer
98,21 Aug 2020,17:52:21,1598003541.84,http://127.0.0.1:9089/media/fuzzysearch,200,OK,407,13.121142,13.121077,default_timer
31,21 Aug 2020,17:52:21,1598003541.86,http://127.0.0.1:9089/media/fuzzysearch,200,OK,407,10.952559,10.952420,default_timer
464,21 Aug 2020,17:52:21,1598003541.91,http://127.0.0.1:9089/media/fuzzysearch,200,OK,407,11.179897,11.179806,default_timer
170,21 Aug 2020,17:52:21,1598003541.93,http://127.0.0.1:9089/media/fuzzysearch,200,OK,407,11.002609,11.002491,default_timer
109,21 Aug 2020,17:52:21,1598003541.94,http://127.0.0.1:9089/media/fuzzysearch,200,OK,407,12.713592,12.713522,default_timer
352,21 Aug 2020,17:52:21,1598003541.95,http://127.0.0.1:9089/media/fuzzysearch,200,OK,407,11.375896,11.375831,default_timer
19,21 Aug 2020,17:52:22,1598003542.02,http://127.0.0.1:9089/media/fuzzysearch,200,OK,407,11.840543,11.840455,default_timer
107,21 Aug 2020,17:52:22,1598003542.04,http://127.0.0.1:9089/media/fuzzysearch,200,OK,407,14.556396,14.556279,default_timer
21,21 Aug 2020,17:52:22,1598003542.05,http://127.0.0.1:9089/media/fuzzysearch,200,OK,407,14.139318,14.139162,default_timer
339,21 Aug 2020,17:52:22,1598003542.06,http://127.0.0.1:9089/media/fuzzysearch,200,OK,407,12.393639,12.393580,default_timer
143,21 Aug 2020,17:52:22,1598003542.09,http://127.0.0.1:9089/media/fuzzysearch,200,OK,407,12.735360,12.735218,default_timer
40,21 Aug 2020,17:52:22,1598003542.11,http://127.0.0.1:9089/media/fuzzysearch,200,OK,407,8.475426,8.475336,default_timer
83,21 Aug 2020,17:52:22,1598003542.12,http://127.0.0.1:9089/media/fuzzysearch,200,OK,407,8.526455,8.526339,default_timer
279,21 Aug 2020,17:52:22,1598003542.12,http://127.0.0.1:9089/media/fuzzysearch,200,OK,407,11.115761,11.115679,default_timer
42,21 Aug 2020,17:52:22,1598003542.14,http://127.0.0.1:9089/media/fuzzysearch,200,OK,407,11.168920,11.168824,default_timer
206,21 Aug 2020,17:52:22,1598003542.14,http://127.0.0.1:9089/media/fuzzysearch,200,OK,407,8.541694,8.541622,default_timer
8,21 Aug 2020,17:52:22,1598003542.15,http://127.0.0.1:9089/media/fuzzysearch,200,OK,407,11.221628,11.221526,default_timer
11,21 Aug 2020,17:52:22,1598003542.19,http://127.0.0.1:9089/media/fuzzysearch,200,OK,407,8.471215,8.471116,default_timer
273,21 Aug 2020,17:52:22,1598003542.23,http://127.0.0.1:9089/media/fuzzysearch,200,OK,407,9.792480,9.792411,default_timer
38,21 Aug 2020,17:52:22,1598003542.25,http://127.0.0.1:9089/media/fuzzysearch,200,OK,407,8.578814,8.578715,default_timer
152,21 Aug 2020,17:52:22,1598003542.27,http://127.0.0.1:9089/media/fuzzysearch,200,OK,407,8.665162,8.665073,default_timer
271,21 Aug 2020,17:52:22,1598003542.3,http://127.0.0.1:9089/media/fuzzysearch,200,OK,407,8.259577,8.259493,default_timer
16,21 Aug 2020,17:52:22,1598003542.3,http://127.0.0.1:9089/media/fuzzysearch,200,OK,407,13.210946,13.210855,default_timer
157,21 Aug 2020,17:52:22,1598003542.31,http://127.0.0.1:9089/media/fuzzysearch,200,OK,407,8.685481,8.685415,default_timer
194,21 Aug 2020,17:52:22,1598003542.32,http://127.0.0.1:9089/media/fuzzysearch,200,OK,407,8.321073,8.321002,default_timer
111,21 Aug 2020,17:52:22,1598003542.33,http://127.0.0.1:9089/media/fuzzysearch,200,OK,407,8.317202,8.317115,default_timer
188,21 Aug 2020,17:52:22,1598003542.33,http://127.0.0.1:9089/media/fuzzysearch,200,OK,407,8.322433,8.322364,default_timer
54,21 Aug 2020,17:52:22,1598003542.36,http://127.0.0.1:9089/media/fuzzysearch,200,OK,407,8.339531,8.339445,default_timer
498,21 Aug 2020,17:52:22,1598003542.37,http://127.0.0.1:9089/media/fuzzysearch,200,OK,407,8.729594,8.729497,default_timer
125,21 Aug 2020,17:52:22,1598003542.37,http://127.0.0.1:9089/media/fuzzysearch,200,OK,407,8.738747,8.738668,default_timer
399,21 Aug 2020,17:52:22,1598003542.38,http://127.0.0.1:9089/media/fuzzysearch,200,OK,407,7.869643,7.869575,default_timer
56,21 Aug 2020,17:52:22,1598003542.4,http://127.0.0.1:9089/media/fuzzysearch,200,OK,407,8.762197,8.762099,default_timer
4,21 Aug 2020,17:52:22,1598003542.42,http://127.0.0.1:9089/media/fuzzysearch,200,OK,407,8.429333,8.429226,default_timer
205,21 Aug 2020,17:52:22,1598003542.45,http://127.0.0.1:9089/media/fuzzysearch,200,OK,407,8.415845,8.415774,default_timer
240,21 Aug 2020,17:52:22,1598003542.48,http://127.0.0.1:9089/media/fuzzysearch,200,OK,407,11.734627,11.734568,default_timer
22,21 Aug 2020,17:52:22,1598003542.48,http://127.0.0.1:9089/media/fuzzysearch,200,OK,407,8.765296,8.765231,default_timer
117,21 Aug 2020,17:52:22,1598003542.5,http://127.0.0.1:9089/media/fuzzysearch,200,OK,407,8.505537,8.505452,default_timer
119,21 Aug 2020,17:52:22,1598003542.52,http://127.0.0.1:9089/media/fuzzysearch,200,OK,407,11.592779,11.592689,default_timer
70,21 Aug 2020,17:52:22,1598003542.52,http://127.0.0.1:9089/media/fuzzysearch,200,OK,407,8.894024,8.893964,default_timer
405,21 Aug 2020,17:52:22,1598003542.53,http://127.0.0.1:9089/media/fuzzysearch,200,OK,407,8.511073,8.510996,default_timer
195,21 Aug 2020,17:52:22,1598003542.53,http://127.0.0.1:9089/media/fuzzysearch,200,OK,407,8.888677,8.888616,default_timer
172,21 Aug 2020,17:52:22,1598003542.55,http://127.0.0.1:9089/media/fuzzysearch,200,OK,407,8.533416,8.533336,default_timer
220,21 Aug 2020,17:52:22,1598003542.55,http://127.0.0.1:9089/media/fuzzysearch,200,OK,407,8.925181,8.925101,default_timer
34,21 Aug 2020,17:52:22,1598003542.58,http://127.0.0.1:9089/media/fuzzysearch,200,OK,407,9.952165,9.952019,default_timer
166,21 Aug 2020,17:52:22,1598003542.59,http://127.0.0.1:9089/media/fuzzysearch,200,OK,407,8.880098,8.880013,default_timer
242,21 Aug 2020,17:52:22,1598003542.59,http://127.0.0.1:9089/media/fuzzysearch,200,OK,407,8.986916,8.986814,default_timer
326,21 Aug 2020,17:52:22,1598003542.62,http://127.0.0.1:9089/media/fuzzysearch,200,OK,407,9.026154,9.026042,default_timer
165,21 Aug 2020,17:52:22,1598003542.66,http://127.0.0.1:9089/media/fuzzysearch,200,OK,407,12.313359,12.313258,default_timer
217,21 Aug 2020,17:52:22,1598003542.66,http://127.0.0.1:9089/media/fuzzysearch,200,OK,407,12.342877,12.342786,default_timer
135,21 Aug 2020,17:52:22,1598003542.66,http://127.0.0.1:9089/media/fuzzysearch,200,OK,407,7.659190,7.659130,default_timer
6,21 Aug 2020,17:52:22,1598003542.66,http://127.0.0.1:9089/media/fuzzysearch,200,OK,407,8.944261,8.944163,default_timer
155,21 Aug 2020,17:52:22,1598003542.66,http://127.0.0.1:9089/media/fuzzysearch,200,OK,407,9.041557,9.041481,default_timer
95,21 Aug 2020,17:52:22,1598003542.66,http://127.0.0.1:9089/media/fuzzysearch,200,OK,407,12.879812,12.879713,default_timer
289,21 Aug 2020,17:52:22,1598003542.66,http://127.0.0.1:9089/media/fuzzysearch,200,OK,407,8.654753,8.654666,default_timer
380,21 Aug 2020,17:52:22,1598003542.66,http://127.0.0.1:9089/media/fuzzysearch,200,OK,407,9.028839,9.028778,default_timer
84,21 Aug 2020,17:52:22,1598003542.67,http://127.0.0.1:9089/media/fuzzysearch,200,OK,407,8.894526,8.894453,default_timer
85,21 Aug 2020,17:52:22,1598003542.67,http://127.0.0.1:9089/media/fuzzysearch,200,OK,407,10.259711,10.259605,default_timer
335,21 Aug 2020,17:52:22,1598003542.69,http://127.0.0.1:9089/media/fuzzysearch,200,OK,407,8.683633,8.683560,default_timer
30,21 Aug 2020,17:52:22,1598003542.69,http://127.0.0.1:9089/media/fuzzysearch,200,OK,407,10.046470,10.046409,default_timer
460,21 Aug 2020,17:52:22,1598003542.71,http://127.0.0.1:9089/media/fuzzysearch,200,OK,407,9.054976,9.054841,default_timer
471,21 Aug 2020,17:52:22,1598003542.72,http://127.0.0.1:9089/media/fuzzysearch,200,OK,407,9.115325,9.115252,default_timer
103,21 Aug 2020,17:52:22,1598003542.72,http://127.0.0.1:9089/media/fuzzysearch,200,OK,407,9.129541,9.129481,default_timer
24,21 Aug 2020,17:52:22,1598003542.72,http://127.0.0.1:9089/media/fuzzysearch,200,OK,407,9.134730,9.134639,default_timer
138,21 Aug 2020,17:52:22,1598003542.73,http://127.0.0.1:9089/media/fuzzysearch,200,OK,407,9.131035,9.130980,default_timer
163,21 Aug 2020,17:52:22,1598003542.73,http://127.0.0.1:9089/media/fuzzysearch,200,OK,407,9.121356,9.121286,default_timer
80,21 Aug 2020,17:52:22,1598003542.75,http://127.0.0.1:9089/media/fuzzysearch,200,OK,407,9.089001,9.088878,default_timer
201,21 Aug 2020,17:52:22,1598003542.75,http://127.0.0.1:9089/media/fuzzysearch,200,OK,407,9.112647,9.112559,default_timer
153,21 Aug 2020,17:52:22,1598003542.76,http://127.0.0.1:9089/media/fuzzysearch,200,OK,407,9.143133,9.143055,default_timer
209,21 Aug 2020,17:52:22,1598003542.76,http://127.0.0.1:9089/media/fuzzysearch,200,OK,407,11.833794,11.833670,default_timer
424,21 Aug 2020,17:52:22,1598003542.76,http://127.0.0.1:9089/media/fuzzysearch,200,OK,407,8.747747,8.747686,default_timer
45,21 Aug 2020,17:52:22,1598003542.76,http://127.0.0.1:9089/media/fuzzysearch,200,OK,407,11.833682,11.833612,default_timer
90,21 Aug 2020,17:52:22,1598003542.76,http://127.0.0.1:9089/media/fuzzysearch,200,OK,407,8.891501,8.891415,default_timer
64,21 Aug 2020,17:52:22,1598003542.77,http://127.0.0.1:9089/media/fuzzysearch,200,OK,407,9.151690,9.151610,default_timer
185,21 Aug 2020,17:52:22,1598003542.77,http://127.0.0.1:9089/media/fuzzysearch,200,OK,407,12.496192,12.496129,default_timer
253,21 Aug 2020,17:52:22,1598003542.77,http://127.0.0.1:9089/media/fuzzysearch,200,OK,407,8.738527,8.738448,default_timer
141,21 Aug 2020,17:52:22,1598003542.79,http://127.0.0.1:9089/media/fuzzysearch,200,OK,407,9.158846,9.158776,default_timer
192,21 Aug 2020,17:52:22,1598003542.79,http://127.0.0.1:9089/media/fuzzysearch,200,OK,407,8.277328,8.277133,default_timer
104,21 Aug 2020,17:52:22,1598003542.79,http://127.0.0.1:9089/media/fuzzysearch,200,OK,407,7.655318,7.655254,default_timer
60,21 Aug 2020,17:52:22,1598003542.8,http://127.0.0.1:9089/media/fuzzysearch,200,OK,407,9.166122,9.166045,default_timer
215,21 Aug 2020,17:52:22,1598003542.81,http://127.0.0.1:9089/media/fuzzysearch,200,OK,407,9.195975,9.195896,default_timer
5,21 Aug 2020,17:52:22,1598003542.81,http://127.0.0.1:9089/media/fuzzysearch,200,OK,407,9.211101,9.211014,default_timer
43,21 Aug 2020,17:52:22,1598003542.82,http://127.0.0.1:9089/media/fuzzysearch,200,OK,407,9.161540,9.161432,default_timer
228,21 Aug 2020,17:52:22,1598003542.82,http://127.0.0.1:9089/media/fuzzysearch,200,OK,407,8.261140,8.261065,default_timer
116,21 Aug 2020,17:52:22,1598003542.83,http://127.0.0.1:9089/media/fuzzysearch,200,OK,407,12.627276,12.627211,default_timer
55,21 Aug 2020,17:52:22,1598003542.83,http://127.0.0.1:9089/media/fuzzysearch,200,OK,407,8.816907,8.816829,default_timer
76,21 Aug 2020,17:52:22,1598003542.83,http://127.0.0.1:9089/media/fuzzysearch,200,OK,407,9.166005,9.165926,default_timer
261,21 Aug 2020,17:52:22,1598003542.83,http://127.0.0.1:9089/media/fuzzysearch,200,OK,407,9.158380,9.158313,default_timer
207,21 Aug 2020,17:52:22,1598003542.83,http://127.0.0.1:9089/media/fuzzysearch,200,OK,407,9.154771,9.154698,default_timer
131,21 Aug 2020,17:52:22,1598003542.83,http://127.0.0.1:9089/media/fuzzysearch,200,OK,407,9.232076,9.232027,default_timer
499,21 Aug 2020,17:52:22,1598003542.83,http://127.0.0.1:9089/media/fuzzysearch,200,OK,407,9.235508,9.235463,default_timer
257,21 Aug 2020,17:52:22,1598003542.85,http://127.0.0.1:9089/media/fuzzysearch,200,OK,407,9.178847,9.178753,default_timer
476,21 Aug 2020,17:52:22,1598003542.85,http://127.0.0.1:9089/media/fuzzysearch,200,OK,407,9.240581,9.240529,default_timer
65,21 Aug 2020,17:52:22,1598003542.85,http://127.0.0.1:9089/media/fuzzysearch,200,OK,407,8.550648,8.550570,default_timer
130,21 Aug 2020,17:52:22,1598003542.85,http://127.0.0.1:9089/media/fuzzysearch,200,OK,407,9.226765,9.226717,default_timer
183,21 Aug 2020,17:52:22,1598003542.85,http://127.0.0.1:9089/media/fuzzysearch,200,OK,407,9.244067,9.243977,default_timer
197,21 Aug 2020,17:52:22,1598003542.85,http://127.0.0.1:9089/media/fuzzysearch,200,OK,407,8.844008,8.843957,default_timer
12,21 Aug 2020,17:52:22,1598003542.85,http://127.0.0.1:9089/media/fuzzysearch,200,OK,407,8.839723,8.839644,default_timer
494,21 Aug 2020,17:52:22,1598003542.86,http://127.0.0.1:9089/media/fuzzysearch,200,OK,407,9.191606,9.191555,default_timer
474,21 Aug 2020,17:52:22,1598003542.86,http://127.0.0.1:9089/media/fuzzysearch,200,OK,407,9.247863,9.247805,default_timer
10,21 Aug 2020,17:52:22,1598003542.86,http://127.0.0.1:9089/media/fuzzysearch,200,OK,407,9.238535,9.238476,default_timer
148,21 Aug 2020,17:52:22,1598003542.86,http://127.0.0.1:9089/media/fuzzysearch,200,OK,407,9.275331,9.275274,default_timer
241,21 Aug 2020,17:52:22,1598003542.86,http://127.0.0.1:9089/media/fuzzysearch,200,OK,407,8.859947,8.859871,default_timer
403,21 Aug 2020,17:52:22,1598003542.87,http://127.0.0.1:9089/media/fuzzysearch,200,OK,407,8.827687,8.827594,default_timer
208,21 Aug 2020,17:52:22,1598003542.87,http://127.0.0.1:9089/media/fuzzysearch,200,OK,407,13.066830,13.066753,default_timer
388,21 Aug 2020,17:52:22,1598003542.87,http://127.0.0.1:9089/media/fuzzysearch,200,OK,407,9.209965,9.209886,default_timer
61,21 Aug 2020,17:52:22,1598003542.87,http://127.0.0.1:9089/media/fuzzysearch,200,OK,407,11.609267,11.609200,default_timer
46,21 Aug 2020,17:52:22,1598003542.88,http://127.0.0.1:9089/media/fuzzysearch,200,OK,407,9.258768,9.258698,default_timer
67,21 Aug 2020,17:52:22,1598003542.88,http://127.0.0.1:9089/media/fuzzysearch,200,OK,407,8.161092,8.161035,default_timer
139,21 Aug 2020,17:52:22,1598003542.88,http://127.0.0.1:9089/media/fuzzysearch,200,OK,407,9.215555,9.215486,default_timer
221,21 Aug 2020,17:52:22,1598003542.88,http://127.0.0.1:9089/media/fuzzysearch,200,OK,407,8.841425,8.841380,default_timer
36,21 Aug 2020,17:52:22,1598003542.88,http://127.0.0.1:9089/media/fuzzysearch,200,OK,407,9.202382,9.202325,default_timer
88,21 Aug 2020,17:52:22,1598003542.89,http://127.0.0.1:9089/media/fuzzysearch,200,OK,407,9.185172,9.185126,default_timer
120,21 Aug 2020,17:52:22,1598003542.9,http://127.0.0.1:9089/media/fuzzysearch,200,OK,407,10.483647,10.483579,default_timer
233,21 Aug 2020,17:52:22,1598003542.9,http://127.0.0.1:9089/media/fuzzysearch,200,OK,407,9.235344,9.235289,default_timer
270,21 Aug 2020,17:52:22,1598003542.9,http://127.0.0.1:9089/media/fuzzysearch,200,OK,407,9.309385,9.309320,default_timer
3,21 Aug 2020,17:52:22,1598003542.91,http://127.0.0.1:9089/media/fuzzysearch,200,OK,407,9.247409,9.247355,default_timer
219,21 Aug 2020,17:52:22,1598003542.91,http://127.0.0.1:9089/media/fuzzysearch,200,OK,407,11.932758,11.932702,default_timer
173,21 Aug 2020,17:52:22,1598003542.91,http://127.0.0.1:9089/media/fuzzysearch,200,OK,407,12.071335,12.071259,default_timer
35,21 Aug 2020,17:52:22,1598003542.92,http://127.0.0.1:9089/media/fuzzysearch,200,OK,407,9.176035,9.175980,default_timer
164,21 Aug 2020,17:52:22,1598003542.92,http://127.0.0.1:9089/media/fuzzysearch,200,OK,407,9.293727,9.293670,default_timer
379,21 Aug 2020,17:52:22,1598003542.92,http://127.0.0.1:9089/media/fuzzysearch,200,OK,407,11.505615,11.505562,default_timer
114,21 Aug 2020,17:52:22,1598003542.92,http://127.0.0.1:9089/media/fuzzysearch,200,OK,407,8.909272,8.909218,default_timer
78,21 Aug 2020,17:52:22,1598003542.93,http://127.0.0.1:9089/media/fuzzysearch,200,OK,407,11.857541,11.857484,default_timer
235,21 Aug 2020,17:52:22,1598003542.93,http://127.0.0.1:9089/media/fuzzysearch,200,OK,407,9.293992,9.293923,default_timer
179,21 Aug 2020,17:52:22,1598003542.94,http://127.0.0.1:9089/media/fuzzysearch,200,OK,407,12.240566,12.240512,default_timer
